,,,2016,,2012,,2008,,,,,,,,,,,,,,,
CD,Incumbent,Party,Clinton,Trump,Obama,Romney,Obama,McCain,,,,,,,,,,,,,,
AK-AL,"Young, Don",(R),37.6,52.8,41.2,55.3,38.1,59.7,0.0,0.0,1.0,1.0,0.0,1.0,6,3,2,3,1,7,,
AL-01,"Byrne, Bradley",(R),34.1,63.5,37.4,61.8,38.5,60.9,0.0,0.0,0.0,1.0,0.0,1.0,1,5,4,8,5,9,,"DO NOT ASK FOR ACCESS TO THIS SPREADSHEET! You may download a copy for your personal use by clicking on ""File"" then ""Download as."""
AL-02,"Roby, Martha",(R),33.0,64.9,36.4,62.9,35.0,64.5,1.0,1.0,1.0,0.0,0.0,0.0,0,9,4,9,0,5,,
AL-03,"Rogers, Mike",(R),32.3,65.3,36.8,62.3,36.6,62.6,1.0,0.0,1.0,0.0,1.0,0.0,3,3,8,3,6,6,,
AL-04,"Aderholt, Rob",(R),17.4,80.4,24.0,74.8,25.5,73.3,1.0,0.0,0.0,1.0,1.0,0.0,4,4,0,8,5,3,,
AL-05,"Brooks, Mo",(R),31.3,64.7,34.9,63.9,36.3,62.6,1.0,1.0,0.0,0.0,1.0,0.0,3,7,9,9,3,6,,
AL-06,"Palmer, Gary",(R),26.1,70.8,24.7,74.3,25.0,74.1,1.0,0.0,0.0,1.0,1.0,1.0,1,8,7,3,0,1,,
AL-07,"Sewell, Terri",(D),69.8,28.6,72.4,27.1,71.5,28.1,0.0,1.0,1.0,1.0,0.0,1.0,8,6,4,1,5,1,,
AR-01,"Crawford, Rick",(R),30.2,65.0,36.3,61.0,39.2,58.0,0.0,0.0,1.0,0.0,0.0,0.0,2,0,3,0,2,0,,
AR-02,"Hill, French",(R),41.7,52.4,42.9,54.7,44.3,53.8,0.0,0.0,1.0,1.0,0.0,0.0,7,4,9,7,3,8,,
AR-03,"Womack, Steve",(R),30.5,61.9,31.6,65.5,33.9,63.7,0.0,1.0,0.0,0.0,0.0,0.0,5,9,6,5,9,9,,
AR-04,"Westerman, Bruce",(R),31.3,64.2,35.9,61.8,37.4,59.9,1.0,0.0,0.0,1.0,1.0,1.0,3,2,9,8,4,9,,
AZ-01,"O'Halleran, Tom",(D),46.6,47.7,47.9,50.4,47.8,51.0,1.0,0.0,0.0,1.0,1.0,0.0,6,7,9,4,8,0,,
AZ-02,"McSally, Martha",(R),49.6,44.7,48.4,49.9,48.9,49.8,1.0,1.0,0.0,1.0,1.0,1.0,6,7,4,9,9,8,,
AZ-03,"Grijalva, Raul",(D),62.4,32.5,61.4,36.9,58.2,40.7,1.0,1.0,1.0,1.0,0.0,1.0,4,5,4,9,2,7,,
AZ-04,"Gosar, Paul",(R),27.5,67.7,31.0,67.2,34.4,64.2,1.0,0.0,1.0,0.0,0.0,0.0,5,7,0,2,4,2,,
AZ-05,"Biggs, Andy",(R),36.5,57.6,34.6,63.8,36.3,62.6,1.0,1.0,0.0,0.0,0.0,1.0,5,6,6,8,3,6,,
AZ-06,"Schweikert, David",(R),42.4,52.4,38.8,59.5,41.2,57.7,1.0,1.0,1.0,1.0,0.0,1.0,4,4,8,5,2,7,,
AZ-07,"Gallego, Ruben",(D),71.8,22.6,71.7,26.5,64.7,34.1,0.0,1.0,0.0,1.0,1.0,0.0,8,6,7,5,7,1,,
AZ-08,"Lesko, Debbie",(R),37.0,58.1,36.9,61.7,38.4,60.6,0.0,0.0,0.0,0.0,0.0,0.0,0,1,9,7,4,6,,
AZ-09,"Sinema, Kyrsten",(D),54.7,38.4,51.1,46.6,51.3,47.4,0.0,1.0,1.0,0.0,0.0,0.0,7,4,1,6,3,4,,
CA-01,"LaMalfa, Doug",(R),36.5,56.2,40.3,56.6,42,53,1,0,0,0,1,0,5,2,3,6,0,0,,
CA-02,"Huffman, Jared",(D),69.0,23.3,69.0,27.0,71,25,1,1,1,0,1,0,0,3,0,0,7,3,,
CA-03,"Garamendi, John",(D),53.0,40.4,54.3,43.1,55,42,0,0,1,0,1,0,0,4,3,1,1,9,,
CA-04,"McClintock, Tom",(R),39.3,54.0,39.5,57.9,43,54,0,1,1,0,0,1,3,0,5,9,5,5,,
CA-05,"Thompson, Mike",(D),69.2,24.3,69.7,27.5,70,26,0,0,1,0,0,1,2,3,7,5,5,5,,
CA-06,"Matsui, Doris",(D),69.2,24.4,69.1,28.3,68,29,0,1,1,0,0,1,2,4,1,3,8,2,,
CA-07,"Bera, Ami",(D),52.3,40.9,50.8,46.8,51,46,1,0,0,1,1,0,3,9,8,8,7,3,,
CA-08,"Cook, Paul",(R),39.6,54.7,41.7,55.6,42,55,1,1,0,1,1,0,6,7,7,6,5,5,,
CA-09,"McNerney, Jerry",(D),56.6,38.0,57.8,40.1,56,41,0,0,1,1,1,0,6,0,8,1,0,0,,
CA-10,"Denham, Jeff",(R),48.5,45.5,50.6,47.0,50,47,1,1,1,1,1,0,5,5,6,0,4,6,,
CA-11,"DeSaulnier, Mark",(D),71.5,22.7,67.6,30.0,69,28,1,0,1,0,1,0,5,7,6,0,7,3,,
CA-12,"Pelosi, Nancy",(D),86.2,8.7,84.1,12.5,84,13,0,0,1,0,0,1,2,7,1,5,8,2,,
CA-13,"Lee, Barbara",(D),87.4,6.8,87.5,9.0,87,10,0,1,1,0,1,0,4,8,5,0,7,3,,
CA-14,"Speier, Jackie",(D),76.9,18.2,74.2,23.6,73,24,1,1,1,0,0,1,9,2,2,6,0,0,,
CA-15,"Swalwell, Eric",(D),69.9,24.2,68.0,29.8,67,30,1,0,1,1,0,1,9,2,0,8,0,0,,
CA-16,"Costa, Jim",(D),58.0,36.4,58.6,39.4,57,40,0,0,0,0,1,0,0,4,6,4,4,6,,
CA-17,"Khanna, Ro",(D),73.9,20.5,71.9,25.5,69,28,1,0,1,1,1,0,9,5,9,5,2,8,,
CA-18,"Eshoo, Anna",(D),73.4,20.2,68.2,28.9,70,27,1,1,1,1,1,0,4,2,2,9,8,2,,
CA-19,"Lofgren, Zoe",(D),72.9,21.5,71.2,26.5,68,29,1,0,1,1,1,0,9,5,2,5,9,1,,
CA-20,"Panetta, Jimmy",(D),70.4,23.2,70.9,26.2,71,26,0,1,0,0,1,0,4,2,9,2,4,6,,
CA-21,"Valadao, David",(R),55.2,39.7,54.6,43.5,52,46,1,0,1,1,1,0,2,7,6,5,6,4,,
CA-22,"Nunes, Devin",(R),42.6,52.1,41.6,56.6,42,55,0,0,0,0,1,0,6,1,6,6,8,2,,
CA-23,"McCarthy, Kevin",(R),36.1,58.1,36.1,61.5,36,61,0,1,1,1,0,1,1,1,1,5,5,5,,
CA-24,"Carbajal, Salud",(D),56.7,36.5,54.1,43.1,56,41,0,0,0,1,1,0,7,5,1,1,8,2,,
CA-25,"Knight, Steve",(R),50.3,43.6,47.9,49.7,49,48,1,1,1,0,1,0,3,6,8,7,7,3,,
CA-26,"Brownley, Julia",(D),57.9,36.0,54.0,43.7,56,41,0,1,0,1,0,1,9,0,0,7,8,2,,
CA-27,"Chu, Judy",(D),66.0,28.4,62.6,35.0,61,35,0,0,1,0,0,1,0,4,6,0,1,9,,
CA-28,"Schiff, Adam",(D),72.1,22.3,70.3,26.5,70,26,1,1,1,1,0,1,1,3,3,5,1,9,,
CA-29,"Cardenas, Tony",(D),77.7,16.8,77.0,20.5,74,23,1,1,1,1,1,0,7,8,0,5,0,0,,
CA-30,"Sherman, Brad",(D),69.1,25.7,65.3,32.1,66,31,0,0,1,1,1,0,1,7,3,1,3,7,,
CA-31,"Aguilar, Pete",(D),57.7,36.6,57.2,40.6,56,41,0,0,1,1,0,1,7,6,2,6,0,0,,
CA-32,"Napolitano, Grace",(D),66.6,27.7,65.2,32.5,62,35,0,0,0,0,1,0,6,7,2,5,3,7,,
CA-33,"Lieu, Ted",(D),67.8,26.5,60.6,36.8,64,33,1,0,1,0,1,0,8,5,6,8,5,5,,
CA-34,"Gomez, Jimmy",(D),83.6,10.7,83.0,14.1,77,19,0,1,0,1,1,0,6,7,0,1,6,4,,
CA-35,"Torres, Norma",(D),67.7,26.9,67.4,30.6,64,32,1,1,0,0,1,0,7,9,4,6,4,6,,
CA-36,"Ruiz, Raul",(D),52.2,43.4,50.7,47.5,50,47,0,1,0,1,1,0,2,4,7,5,8,2,,
CA-37,"Bass, Karen",(D),85.7,9.6,84.9,12.7,84,13,0,1,1,1,0,1,7,6,9,7,4,6,,
CA-38,"Sanchez, Linda",(D),67.0,27.4,64.9,33.0,61,35,0,1,0,0,0,1,0,4,9,0,8,2,,
CA-39,"Royce, Ed",(R),51.5,42.9,47.1,50.8,47,49,0,0,0,0,1,0,5,9,1,8,8,2,,
CA-40,"Roybal-Allard, Lucille",(D),82.2,12.8,81.5,16.5,77,19,1,0,0,1,1,0,2,8,5,5,5,5,,
CA-41,"Takano, Mark",(D),61.0,33.1,61.5,36.3,59,38,0,1,1,1,1,0,0,1,5,3,7,3,,
CA-42,"Calvert, Ken",(R),41.4,53.4,41.4,56.5,43,54,1,0,0,1,0,1,4,4,4,5,0,0,,
CA-43,"Waters, Maxine",(D),78.4,16.7,78.0,20.0,75,22,0,0,1,1,1,0,4,7,0,0,1,9,,
CA-44,"Barragan, Nanette",(D),83.0,12.3,84.7,13.6,81,16,1,0,0,1,0,1,0,3,7,6,4,6,,
CA-45,"Walters, Mimi",(R),49.8,44.4,43.0,54.8,46,51,1,0,1,0,0,1,8,4,0,8,7,3,,
CA-46,"Correa, Lou",(D),66.3,27.9,61.4,36.2,58,39,0,0,1,0,0,1,3,9,4,2,1,9,,
CA-47,"Lowenthal, Alan",(D),62.6,31.0,60.0,37.5,58,39,1,1,1,0,0,1,6,0,0,5,5,5,,
CA-48,"Rohrabacher, Dana",(R),47.9,46.2,43.0,54.7,46,51,1,0,1,0,1,0,9,2,0,7,5,5,,
CA-49,"Issa, Darrell",(R),50.7,43.2,45.7,52.2,49,48,0,0,0,1,0,1,7,2,7,2,7,3,,
CA-50,"Hunter, Duncan",(R),39.6,54.6,37.6,60.4,39,58,0,0,0,1,0,1,6,6,6,4,4,6,,
CA-51,"Vargas, Juan",(D),71.8,22.8,69.4,28.9,65,32,1,0,0,0,1,0,8,8,4,9,2,8,,
CA-52,"Peters, Scott",(D),58.1,35.6,52.1,45.7,55,43,1,0,0,0,1,0,1,6,1,7,1,9,,
CA-53,"Davis, Susan",(D),64.5,29.6,61.4,36.4,61,36,1,0,1,1,0,1,5,6,4,4,5,5,,
CO-01,"DeGette, Diana",(D),69.0,23.2,69.0,28.8,70.9,27.6,1.0,1.0,0.0,1.0,0.0,1.0,0,2,0,8,9,6,,
CO-02,"Polis, Jared",(D),56.2,34.9,57.9,39.5,61.2,37.2,1.0,1.0,1.0,1.0,0.0,0.0,2,9,9,5,2,2,,
CO-03,"Tipton, Scott",(R),40.0,52.0,45.8,51.8,48.4,49.9,1.0,0.0,0.0,0.0,1.0,0.0,0,0,8,8,4,9,,
CO-04,"Buck, Ken",(R),34.3,57.4,39.2,58.5,41.9,56.4,0.0,1.0,1.0,1.0,1.0,0.0,3,4,2,5,9,4,,
CO-05,"Lamborn, Doug",(R),33.2,57.2,38.3,59.1,39.7,58.8,1.0,0.0,1.0,1.0,0.0,0.0,2,2,3,1,7,8,,
CO-06,"Coffman, Mike",(R),50.2,41.3,51.6,46.5,53.6,44.9,1.0,0.0,0.0,1.0,1.0,1.0,2,3,6,5,6,9,,
CO-07,"Perlmutter, Ed",(D),51.4,39.4,56.1,41.3,57.4,40.7,1.0,1.0,0.0,0.0,0.0,1.0,4,4,1,3,4,7,,
CT-01,"Larson, John",(D),59.4,36.3,63.3,35.6,65.8,32.9,1.0,1.0,0.0,0.0,0.0,1.0,4,3,3,6,8,9,,
CT-02,"Courtney, Joe",(D),48.7,45.8,55.9,42.6,58.6,40.0,0.0,0.0,0.0,0.0,0.0,1.0,7,8,9,6,6,0,,
CT-03,"DeLauro, Rosa",(D),55.9,40.4,62.6,36.3,62.6,36.2,0.0,0.0,0.0,0.0,1.0,0.0,9,4,6,3,6,2,,
CT-04,"Himes, Jim",(D),59.6,36.6,55.1,44.0,59.6,39.7,0.0,0.0,0.0,1.0,0.0,1.0,6,6,1,0,6,7,,
CT-05,"Esty, Elizabeth",(D),49.9,45.8,53.5,45.3,56.4,42.4,1.0,1.0,1.0,1.0,0.0,1.0,9,8,5,3,4,4,,
DE-AL,"Blunt Rochester, Lisa",(D),53.4,41.9,58.6,40.0,61.9,36.9,0.0,1.0,1.0,0.0,1.0,1.0,4,9,6,0,9,9,,
FL-01,"Gaetz, Matt",(R),28.2,67.5,30.1,68.5,32.0,66.8,0.0,1.0,0.0,0.0,0.0,0.0,2,5,1,5,0,8,,
FL-02,"Dunn, Neal",(R),30.6,66.2,34.0,64.6,35.2,63.4,1.0,1.0,1.0,0.0,1.0,1.0,6,2,0,6,2,4,,
FL-03,"Yoho, Ted",(R),40.2,56.2,41.9,56.6,44.2,54.6,0.0,0.0,1.0,1.0,0.0,0.0,2,2,9,6,2,6,,
FL-04,"Rutherford, John",(R),34.1,62.1,32.8,66.1,34.8,64.2,0.0,1.0,0.0,0.0,1.0,1.0,1,1,8,1,8,2,,
FL-05,"Lawson, Al",(D),61.3,35.9,63.6,35.4,63.2,35.9,0.0,0.0,0.0,1.0,1.0,1.0,3,9,6,4,2,9,,
FL-06,"DeSantis, Ron",(R),39.9,56.9,46.6,52.2,50.1,48.7,0.0,0.0,0.0,1.0,0.0,1.0,9,9,6,2,1,7,,
FL-07,"Murphy, Stephanie",(D),51.4,44.1,49.4,49.4,51.1,48.0,0.0,1.0,1.0,0.0,0.0,1.0,4,1,4,4,1,0,,
FL-08,"Posey, Bill",(R),37.7,58.4,42.1,56.6,43.8,54.9,0.0,0.0,0.0,1.0,1.0,0.0,7,4,1,6,8,9,,
FL-09,"Soto, Darren",(D),54.8,41.9,55.6,43.4,54.6,44.5,0.0,0.0,1.0,0.0,0.0,0.0,8,9,6,4,6,5,,
FL-10,"Demings, Val",(D),61.8,34.9,60.7,38.4,60.9,38.5,0.0,0.0,0.0,0.0,1.0,1.0,8,9,7,4,9,5,,
FL-11,"Webster, Dan",(R),32.5,64.8,39.8,59.2,42.6,56.1,0.0,0.0,0.0,0.0,1.0,1.0,5,8,8,2,6,1,,
FL-12,"Bilirakis, Gus",(R),38.8,57.4,45.5,53.0,47.4,51.2,1.0,1.0,0.0,1.0,0.0,1.0,8,4,5,0,4,2,,
FL-13,"Crist, Charlie",(D),49.6,46.4,54.6,43.9,55.5,43.0,0.0,0.0,0.0,0.0,0.0,1.0,6,4,6,9,5,0,,
FL-14,"Castor, Kathy",(D),57.2,39.0,57.6,41.2,58.1,40.9,0.0,0.0,0.0,1.0,1.0,0.0,2,0,6,2,1,9,,
FL-15,"Ross, Dennis",(R),43.1,53.1,46.6,52.2,46.7,52.1,1.0,1.0,1.0,0.0,1.0,1.0,1,1,6,2,7,1,,
FL-16,"Buchanan, Vern",(R),43.0,53.7,45.1,53.7,47.7,51.2,0.0,1.0,1.0,1.0,0.0,1.0,0,7,1,7,7,2,,
FL-17,"Rooney, Tom",(R),35.0,62.2,41.3,57.6,43.9,54.7,1.0,1.0,0.0,0.0,1.0,1.0,0,2,3,6,9,7,,
FL-18,"Mast, Brian",(R),44.1,53.3,47.7,51.4,51.2,47.9,0.0,0.0,1.0,1.0,1.0,0.0,1,3,7,4,2,9,,
FL-19,"Rooney, Francis",(R),37.5,59.6,38.7,60.5,42.3,56.8,1.0,0.0,0.0,0.0,1.0,0.0,5,6,7,5,3,8,,
FL-20,"Hastings, Alcee",(D),80.2,18.1,82.5,17.1,80.9,18.6,0.0,0.0,1.0,1.0,1.0,1.0,2,1,5,1,9,6,,
FL-21,"Frankel, Lois",(D),58.6,39.1,60.4,38.9,63.4,35.9,1.0,0.0,1.0,1.0,0.0,1.0,6,1,4,9,4,9,,
FL-22,"Deutch, Ted",(D),56.8,41.0,56.3,43.0,58.3,41.0,0.0,1.0,1.0,1.0,0.0,1.0,8,0,3,0,3,0,,
FL-23,"Wasserman Schultz, Debbie",(D),61.9,35.8,61.4,38.0,62.0,37.3,0.0,1.0,1.0,0.0,0.0,1.0,9,8,4,0,0,3,,
FL-24,"Wilson, Frederica",(D),82.9,15.4,85.7,13.9,84.0,15.6,0.0,0.0,1.0,0.0,1.0,1.0,9,4,7,9,0,6,,
FL-25,"Diaz-Balart, Mario",(R),47.9,49.7,44.9,54.5,40.6,58.8,1.0,0.0,0.0,0.0,1.0,0.0,9,7,9,5,6,8,,
FL-26,"Curbelo, Carlos",(R),56.8,40.5,55.4,43.9,51.5,47.9,0.0,1.0,1.0,0.0,1.0,0.0,8,5,4,9,5,9,,
FL-27,"Ros-Lehtinen, Ileana",(R),58.5,38.9,53.0,46.3,50.1,49.3,1.0,1.0,1.0,1.0,0.0,0.0,5,9,0,3,1,3,,
GA-01,"Carter, Buddy",(R),40.9,56.4,43.0,55.9,44.4,55.0,0.0,0.0,1.0,1.0,1.0,0.0,9,4,0,9,4,0,,
GA-02,"Bishop, Sanford",(D),55.0,43.3,58.6,40.8,57.9,41.6,0.0,0.0,0.0,1.0,1.0,1.0,0,3,6,8,9,6,,
GA-03,"Ferguson, Drew",(R),32.8,64.3,33.0,65.9,34.0,65.3,0.0,1.0,0.0,0.0,0.0,0.0,8,3,0,9,0,3,,
GA-04,"Johnson, Hank",(D),75.3,22.2,73.6,25.6,73.2,26.3,1.0,1.0,0.0,0.0,1.0,0.0,3,2,6,6,2,3,,
GA-05,"Lewis, John",(D),85.0,11.9,83.1,15.8,84.4,15.0,0.0,1.0,0.0,1.0,0.0,1.0,0,9,1,8,4,0,,
GA-06,"Handel, Karen",(R),46.8,48.3,37.5,60.8,40.1,59.0,1.0,1.0,0.0,1.0,0.0,0.0,8,3,5,8,1,0,,
GA-07,"Woodall, Rob",(R),44.8,51.1,38.3,60.2,39.1,60.1,0.0,1.0,1.0,1.0,1.0,0.0,8,1,3,2,1,1,,
GA-08,"Scott, Austin",(R),34.4,63.3,37.5,61.6,37.8,61.6,1.0,1.0,0.0,1.0,1.0,0.0,4,3,5,6,8,6,,
GA-09,"Collins, Doug",(R),19.3,77.8,20.5,78.1,24.3,74.7,1.0,0.0,0.0,1.0,0.0,1.0,3,8,5,1,3,7,,
GA-10,"Hice, Jodi",(R),35.8,61.3,36.3,62.5,38.8,60.4,0.0,0.0,1.0,0.0,0.0,1.0,8,3,3,5,8,4,,
GA-11,"Loudermilk, Barry",(R),35.3,60.3,31.5,66.9,34.7,64.3,1.0,1.0,0.0,1.0,0.0,1.0,3,3,5,9,7,3,,
GA-12,"Allen, Rick",(R),40.7,56.9,43.6,55.4,43.9,55.6,0.0,0.0,1.0,1.0,0.0,0.0,7,9,6,4,9,6,,
GA-13,"Scott, David",(D),71.0,26.6,69.2,30.0,67.1,32.3,1.0,1.0,1.0,0.0,1.0,1.0,0,6,2,0,1,3,,
GA-14,"Graves, Tom",(R),22.1,75.0,25.3,73.2,27.8,71.0,0.0,0.0,1.0,1.0,1.0,1.0,1,0,3,2,8,0,,
HI-01,"Hanabusa, Colleen",(D),63.1,30.5,69.7,29.0,70.3,28.3,0.0,1.0,1.0,1.0,0.0,1.0,1,5,7,0,3,3,,
HI-02,"Gabbard, Tulsi",(D),61.4,29.6,71.4,26.7,73.4,24.9,1.0,0.0,0.0,0.0,0.0,1.0,4,6,4,7,4,9,,
IA-01,"Blum, Rod",(R),45.2,48.7,56.2,42.5,58.5,40.4,0.0,1.0,0.0,1.0,0.0,0.0,2,7,2,5,5,4,,
IA-02,"Loebsack, David",(D),45.0,49.1,55.8,42.7,57.1,41.6,0.0,0.0,0.0,1.0,1.0,1.0,0,1,8,7,1,6,,
IA-03,"Young, David",(R),45.0,48.5,51.4,47.2,52.4,46.3,1.0,1.0,1.0,0.0,1.0,0.0,0,5,4,2,4,3,,
IA-04,"King, Steve",(R),33.5,60.9,45.3,53.4,48.5,50.2,1.0,0.0,0.0,1.0,1.0,1.0,5,9,3,4,5,2,,
ID-01,"Labrador, Raul",(R),25.4,63.7,32.2,64.9,35.1,62.5,0.0,0.0,0.0,1.0,1.0,1.0,4,7,2,9,1,5,,
ID-02,"Simpson, Mike",(R),29.8,54.5,33.1,64.1,37.1,60.5,0.0,0.0,0.0,1.0,0.0,1.0,8,5,1,1,1,5,,
IL-01,"Rush, Bobby",(D),75.4,21.4,78.9,20.2,80.8,18.5,0.0,1.0,1.0,1.0,1.0,1.0,4,4,9,2,9,6,,
IL-02,"Kelly, Robin",(D),78.0,19.1,80.7,18.5,81.1,18.2,0.0,1.0,1.0,1.0,1.0,0.0,0,1,7,5,1,3,,
IL-03,"Lipinski, Dan",(D),55.2,39.9,55.9,42.6,58.3,40.4,1.0,1.0,1.0,0.0,0.0,1.0,2,9,9,6,4,5,,
IL-04,"Gutierrez, Luis",(D),82.1,13.2,80.9,17.1,80.5,18.2,1.0,1.0,0.0,0.0,1.0,0.0,1,2,9,1,5,2,,
IL-05,"Quigley, Mike",(D),70.5,23.9,66.0,31.8,69.9,28.8,1.0,1.0,1.0,1.0,0.0,0.0,5,9,0,8,9,8,,
IL-06,"Roskam, Peter",(R),50.2,43.2,45.1,53.3,51.3,47.3,0.0,1.0,0.0,1.0,1.0,1.0,2,2,1,3,3,3,,
IL-07,"Davis, Danny",(D),87.4,9.2,87.2,11.8,89.4,9.9,1.0,1.0,1.0,0.0,1.0,1.0,4,2,2,8,4,9,,
IL-08,"Krishnamoorthi, Raja",(D),58.1,36.4,57.4,40.9,61.5,37.1,1.0,1.0,0.0,1.0,1.0,1.0,1,4,4,9,5,1,,
IL-09,"Schakowsky, Jan",(D),70.1,24.9,65.0,33.3,68.6,30.3,1.0,0.0,1.0,0.0,0.0,0.0,1,9,0,3,6,3,,
IL-10,"Schneider, Brad",(D),62.0,32.6,57.5,41.1,63.0,35.9,1.0,1.0,1.0,1.0,0.0,1.0,0,6,5,1,0,9,,
IL-11,"Foster, Bill",(D),58.9,35.4,57.8,40.6,61.3,37.5,0.0,1.0,1.0,1.0,0.0,0.0,9,4,8,6,8,7,,
IL-12,"Bost, Mike",(R),40.2,55.0,49.7,48.1,54.7,43.6,0.0,0.0,1.0,1.0,1.0,1.0,2,0,7,1,7,6,,
IL-13,"Davis, Rodney",(R),44.2,49.7,48.6,48.9,54.6,43.6,1.0,0.0,1.0,1.0,1.0,0.0,2,7,6,9,6,6,,
IL-14,"Hultgren, Randy",(R),44.8,48.7,44.2,54.2,50.7,48.0,1.0,1.0,0.0,0.0,1.0,0.0,8,7,2,2,0,6,,
IL-15,"Shimkus, John",(R),24.5,70.7,34.1,63.9,42.8,55.4,1.0,1.0,0.0,1.0,1.0,1.0,5,7,1,9,8,4,,
IL-16,"Kinzinger, Adam",(R),38.3,55.5,45.2,52.9,50.0,48.2,1.0,0.0,0.0,0.0,0.0,0.0,3,5,2,9,1,2,,
IL-17,"Bustos, Cheri",(D),46.7,47.4,57.6,40.6,60.0,38.5,0.0,0.0,0.0,1.0,0.0,0.0,7,4,6,6,0,5,,
IL-18,"LaHood, Darin",(R),33.3,60.6,37.4,60.7,44.1,54.4,0.0,1.0,1.0,0.0,0.0,0.0,3,6,4,7,1,4,,
IN-01,"Visclosky, Pete",(D),54.1,41.5,61.2,37.4,63.3,35.8,0.0,1.0,0.0,0.0,1.0,0.0,1,5,2,4,3,8,,
IN-02,"Walorski, Jackie",(R),36.1,59.3,42.1,56.1,49.6,49.3,0.0,0.0,1.0,0.0,0.0,1.0,1,3,1,1,6,3,,
IN-03,"Banks, Jim",(R),30.1,65.1,35.7,62.5,43.0,56.0,1.0,1.0,0.0,1.0,0.0,1.0,1,1,7,5,0,0,,
IN-04,"Rokita, Todd",(R),30.2,64.3,36.9,60.9,44.6,54.2,0.0,0.0,0.0,0.0,0.0,0.0,2,3,9,9,6,2,,
IN-05,"Brooks, Susan",(R),41.3,53.1,40.7,57.5,46.6,52.6,0.0,0.0,1.0,0.0,0.0,1.0,3,1,7,5,6,6,,
IN-06,"Messer, Luke",(R),27.4,67.7,37.3,60.4,43.6,55.0,0.0,0.0,0.0,1.0,1.0,0.0,4,7,3,4,6,0,,
IN-07,"Carson, Andre",(D),59.0,36.2,62.9,35.3,66.3,32.8,1.0,0.0,0.0,1.0,1.0,1.0,0,2,9,3,3,8,,
IN-08,"Bucshon, Larry",(R),30.9,64.6,39.6,58.4,48.1,50.6,0.0,1.0,1.0,0.0,1.0,1.0,9,6,6,4,1,6,,
IN-09,"Hollingsworth, Trey",(R),34.2,61.1,40.7,57.2,46.2,52.7,0.0,0.0,0.0,0.0,1.0,0.0,2,1,7,2,2,7,,
KS-01,"Marshall, Roger",(R),24.3,69.3,27.6,70.1,31.0,67.2,1.0,0.0,1.0,0.0,0.0,0.0,3,3,6,1,0,2,,
KS-02,"Jenkins, Lynn",(R),37.4,55.8,42.2,55.4,45.3,52.8,1.0,1.0,1.0,0.0,0.0,1.0,4,8,2,4,3,8,,
KS-03,"Yoder, Kevin",(R),47.2,46.0,44.3,53.8,48.8,49.9,1.0,0.0,1.0,1.0,0.0,1.0,2,0,3,8,8,9,,
KS-04,"Estes, Ron",(R),33.0,60.2,36.1,61.6,39.5,58.6,0.0,0.0,1.0,1.0,1.0,1.0,0,2,1,6,5,6,,
KY-01,"Comer, James",(R),23.9,72.4,32.1,66.4,36.9,61.6,1.0,1.0,1.0,1.0,0.0,0.0,9,4,1,4,9,6,,
KY-02,"Guthrie, Brett",(R),27.6,67.5,35.1,63.3,37.2,61.5,0.0,1.0,1.0,0.0,0.0,0.0,6,5,1,3,2,5,,
KY-03,"Yarmuth, John",(D),54.9,39.9,55.7,42.8,56.2,42.8,0.0,1.0,1.0,0.0,1.0,0.0,9,9,7,8,2,8,,
KY-04,"Massie, Thomas",(R),29.3,65.2,34.8,63.4,37.0,61.5,0.0,0.0,1.0,0.0,1.0,0.0,3,2,8,4,0,5,,
KY-05,"Rogers, Hal",(R),17.5,79.6,23.2,75.0,31.6,66.6,0.0,0.0,1.0,1.0,0.0,1.0,5,6,2,0,6,6,,
KY-06,"Barr, Andy",(R),39.4,54.7,42.2,55.8,44.8,53.7,1.0,0.0,0.0,0.0,1.0,1.0,4,7,2,8,8,7,,
LA-01,"Scalise, Steve",(R),26.7,68.7,26.9,70.9,25.3,72.7,0.0,1.0,0.0,0.0,1.0,0.0,7,7,9,9,3,7,,
LA-02,"Richmond, Cedric",(D),74.6,22.2,75.8,22.8,73.4,25.4,1.0,1.0,1.0,1.0,0.0,1.0,6,2,8,8,4,4,,
LA-03,"Higgins, Clay",(R),29.2,67.3,32.3,66.1,34.1,64.2,1.0,1.0,0.0,0.0,0.0,1.0,2,3,3,1,1,2,,
LA-04,"Johnson, Mike",(R),36.6,60.6,39.7,59.0,39.9,58.9,1.0,0.0,0.0,1.0,1.0,0.0,6,6,7,0,9,9,,
LA-05,"Abraham, Ralph",(R),34.1,63.5,37.7,61.0,36.7,62.0,0.0,0.0,0.0,1.0,0.0,0.0,1,5,7,0,7,0,,
LA-06,"Graves, Garret",(R),31.0,64.8,32.0,66.1,30.9,67.5,1.0,1.0,0.0,1.0,1.0,0.0,0,8,0,1,9,5,,
MA-01,"Neal, Richard",(D),57.2,36.5,64.0,34.3,64.1,33.7,0.0,1.0,0.0,0.0,1.0,1.0,2,5,0,3,1,7,,
MA-02,"McGovern, Jim",(D),56.2,36.8,58.7,39.2,60.4,37.5,0.0,1.0,1.0,0.0,0.0,0.0,2,8,7,2,2,3,,
MA-03,"Tsongas, Niki",(D),58.2,35.4,56.9,41.4,58.8,39.4,1.0,0.0,1.0,1.0,1.0,0.0,2,4,9,4,8,4,,
MA-04,"Kennedy, Joe",(D),59.2,35.0,57.2,41.3,60.4,37.9,0.0,1.0,1.0,0.0,0.0,1.0,2,0,2,3,7,1,,
MA-05,"Clark, Katherine",(D),69.3,25.7,65.2,33.1,66.2,32.1,1.0,0.0,0.0,1.0,1.0,1.0,3,7,2,1,2,1,,
MA-06,"Moulton, Seth",(D),56.1,38.2,54.7,43.9,56.9,41.4,0.0,1.0,1.0,0.0,1.0,1.0,1,2,7,9,9,4,,
MA-07,"Capuano, Mike",(D),84.1,11.9,82.5,15.6,81.9,16.7,1.0,1.0,0.0,1.0,0.0,0.0,1,9,5,6,9,7,,
MA-08,"Lynch, Stephen",(D),60.4,34.4,57.8,40.8,57.9,40.5,1.0,0.0,0.0,1.0,0.0,1.0,4,4,8,8,9,5,,
MA-09,"Keating, Bill",(D),52.5,41.8,55.5,43.1,57.8,40.6,1.0,1.0,1.0,1.0,0.0,1.0,5,8,5,1,8,6,,
MD-01,"Harris, Andy",(R),33.4,62.0,37.7,60.4,38.4,59.6,0.0,0.0,1.0,0.0,0.0,0.0,5,9,7,4,4,6,,
MD-02,"Ruppersberger, Dutch",(D),60.1,35.7,63.1,35.0,60.6,37.5,0.0,1.0,0.0,0.0,0.0,0.0,2,6,1,0,6,5,,
MD-03,"Sarbanes, John",(D),62.8,32.3,60.7,37.1,60.1,38.0,1.0,1.0,1.0,1.0,1.0,0.0,9,1,7,1,1,0,,
MD-04,"Brown, Anthony",(D),77.2,19.7,78.1,20.8,77.3,21.8,1.0,1.0,1.0,1.0,0.0,0.0,7,2,1,8,3,8,,
MD-05,"Hoyer, Steny",(D),64.1,32.1,66.1,32.4,65.1,33.6,0.0,0.0,1.0,0.0,1.0,1.0,6,6,1,4,1,6,,
MD-06,"Delaney, John",(D),55.3,40.2,55.2,42.8,56.3,42.0,1.0,1.0,0.0,1.0,0.0,1.0,8,7,2,8,3,0,,
MD-07,"Cummings, Elijah",(D),75.8,20.2,76.2,22.3,76.2,22.4,0.0,0.0,0.0,1.0,1.0,1.0,5,5,2,3,2,4,,
MD-08,"Raskin, Jamie",(D),65.0,30.6,62.0,36.0,62.8,35.6,1.0,1.0,0.0,1.0,0.0,0.0,6,9,0,0,8,6,,
ME-01,"Pingree, Chellie",(D),54.1,39.3,59.6,38.2,60.7,37.5,0.0,0.0,0.0,0.0,0.0,1.0,1,3,6,2,7,5,,
ME-02,"Poliquin, Bruce",(R),41.1,51.4,53.0,44.4,54.6,43.4,1.0,1.0,0.0,0.0,0.0,0.0,1,4,0,4,6,4,,
MI-01,"Bergman, Jack",(R),36.6,57.9,45.3,53.6,49.7,48.4,0.0,0.0,0.0,0.0,1.0,1.0,6,9,3,6,7,4,,
MI-02,"Huizenga, Bill",(R),38.2,55.8,43.1,56.0,48.0,50.3,1.0,0.0,0.0,0.0,1.0,1.0,2,8,1,0,0,3,,
MI-03,"Amash, Justin",(R),42.2,51.6,45.8,53.1,49.7,48.6,0.0,1.0,0.0,1.0,0.0,1.0,2,6,8,1,7,6,,
MI-04,"Moolenaar, John",(R),34.7,59.5,45.5,53.5,49.6,48.6,0.0,0.0,0.0,0.0,1.0,0.0,7,5,5,5,6,6,,
MI-05,"Kildee, Dan",(D),49.7,45.5,60.7,38.3,63.0,35.3,1.0,0.0,1.0,1.0,1.0,1.0,7,5,7,3,0,3,,
MI-06,"Upton, Fred",(R),42.9,51.3,48.8,50.2,53.1,45.2,0.0,1.0,1.0,0.0,1.0,0.0,9,3,8,2,1,2,,
MI-07,"Walberg, Tim",(R),38.7,55.7,47.9,51.0,50.8,47.4,0.0,1.0,1.0,1.0,1.0,1.0,7,7,9,0,8,4,,
MI-08,"Bishop, Mike",(R),43.9,50.6,48.0,51.1,52.0,46.4,0.0,1.0,0.0,1.0,1.0,0.0,9,6,0,1,0,4,,
MI-09,"Levin, Sander",(D),51.5,43.7,57.2,41.9,58.1,40.1,0.0,1.0,0.0,0.0,0.0,0.0,5,7,2,9,1,1,,
MI-10,"Mitchell, Paul",(R),31.6,63.8,43.7,55.3,48.0,50.0,1.0,0.0,1.0,1.0,1.0,1.0,6,8,7,3,0,0,,
MI-11,"Trott, Dave",(R),45.3,49.7,46.9,52.3,50.2,48.3,1.0,0.0,1.0,1.0,0.0,1.0,3,7,9,3,1,2,,
MI-12,"Dingell, Debbie",(D),60.8,34.5,66.2,32.8,66.9,31.4,1.0,0.0,1.0,0.0,1.0,1.0,8,5,2,8,9,4,,
MI-13,,(D),78.8,18.1,85.2,14.3,84.8,14.2,1.0,1.0,0.0,0.0,1.0,0.0,8,1,2,3,8,2,,
MI-14,"Lawrence, Brenda",(D),79.2,18.3,81.0,18.6,82.2,17.1,0.0,0.0,0.0,1.0,1.0,1.0,2,3,0,6,2,1,,
MN-01,"Walz, Tim",(D),38.4,53.3,49.6,48.2,50.8,46.7,0.0,0.0,0.0,1.0,1.0,1.0,4,3,6,2,8,7,,
MN-02,"Lewis, Jason",(R),45.3,46.5,49.1,49.0,50.5,47.6,1.0,1.0,0.0,1.0,0.0,0.0,3,5,1,0,5,6,,
MN-03,"Paulsen, Erik",(R),50.8,41.4,49.6,48.8,51.0,47.4,1.0,0.0,1.0,0.0,1.0,0.0,8,4,6,8,0,4,,
MN-04,"McCollum, Betty",(D),61.5,30.6,62.5,35.5,62.6,35.5,1.0,0.0,0.0,0.0,0.0,1.0,5,6,5,5,6,5,,
MN-05,"Ellison, Keith",(D),73.7,18.5,73.5,24.0,73.4,24.5,1.0,0.0,1.0,0.0,1.0,1.0,7,5,5,0,4,5,,
MN-06,"Emmer, Tom",(R),33.2,58.9,41.5,56.5,43.2,54.7,1.0,1.0,1.0,0.0,0.0,0.0,2,9,5,5,2,7,,
MN-07,"Peterson, Collin",(D),31.0,61.8,44.1,53.9,47.1,50.4,1.0,0.0,1.0,0.0,1.0,0.0,0,8,1,9,1,4,,
MN-08,"Nolan, Rick",(D),38.6,54.2,51.7,46.2,53.1,44.5,0.0,1.0,1.0,1.0,0.0,1.0,6,2,7,2,1,5,,
MO-01,"Clay, Lacy",(D),77.0,18.8,79.9,18.9,80.3,18.6,1.0,1.0,0.0,0.0,1.0,1.0,0,8,9,9,3,6,,
MO-02,"Wagner, Ann",(R),42.3,52.6,41.4,57.1,46.4,52.6,0.0,0.0,1.0,1.0,0.0,1.0,3,6,4,1,4,6,,
MO-03,"Luetkemeyer, Blaine",(R),28.1,67.1,36.1,62.0,42.8,55.8,0.0,0.0,0.0,0.0,1.0,1.0,1,1,1,0,8,8,,
MO-04,"Hartzler, Vicki",(R),29.3,65.3,36.4,61.2,41.9,56.5,1.0,0.0,1.0,1.0,1.0,1.0,3,3,4,2,9,5,,
MO-05,"Cleaver, Emanuel",(D),54.1,40.6,58.9,39.4,62.0,36.8,0.0,0.0,1.0,0.0,0.0,0.0,1,6,9,4,0,8,,
MO-06,"Graves, Sam",(R),31.7,63.1,37.9,60.0,43.1,55.3,0.0,0.0,1.0,1.0,0.0,0.0,7,1,9,0,1,3,,
MO-07,"Long, Billy",(R),24.7,70.4,30.3,67.6,35.3,63.1,0.0,0.0,1.0,0.0,1.0,1.0,7,4,3,6,3,1,,
MO-08,"Smith, Jason",(R),21.0,75.4,32.0,65.9,38.3,60.0,1.0,1.0,0.0,0.0,1.0,0.0,0,4,0,9,3,0,,
MS-01,"Kelly, Trent",(R),32.4,65.4,37.0,61.9,36.6,62.4,1.0,0.0,1.0,0.0,0.0,1.0,4,4,0,9,6,4,,
MS-02,"Thompson, Bennie",(D),63.6,35.1,66.4,33.0,64.2,35.2,0.0,1.0,0.0,1.0,0.0,1.0,6,1,4,0,2,2,,
MS-03,"Harper, Gregg",(R),36.8,61.3,39.1,60.0,38.4,60.8,0.0,1.0,0.0,1.0,1.0,1.0,8,3,1,0,4,8,,
MS-04,"Palazzo, Steven",(R),28.2,69.4,31.2,67.6,31.1,67.9,1.0,0.0,1.0,0.0,0.0,1.0,2,4,2,6,1,9,,
MT-AL,"Gianforte, Greg",(R),35.9,56.5,41.7,55.4,47.3,49.5,1.0,0.0,1.0,0.0,1.0,0.0,9,5,7,4,2,6,,
NC-01,"Butterfield, G.K.",(D),67.5,30.5,68.1,31.2,67.3,32.2,1.0,0.0,1.0,1.0,0.0,0.0,5,5,1,2,4,2,,
NC-02,"Holding, George",(R),43.6,53.2,43.0,56.0,44.8,54.3,0.0,1.0,1.0,0.0,0.0,1.0,6,2,0,0,8,3,,
NC-03,"Jones, Walter",(R),36.9,60.5,40.6,58.5,42.4,56.8,0.0,1.0,0.0,1.0,0.0,1.0,9,5,6,5,7,0,,
NC-04,"Price, David",(D),68.2,28.2,64.5,34.2,65.8,33.2,1.0,1.0,0.0,0.0,0.0,1.0,2,2,5,2,8,2,,
NC-05,"Foxx, Virginia",(R),39.8,57.4,42.3,56.5,44.6,54.2,0.0,0.0,1.0,1.0,0.0,0.0,8,4,3,5,7,3,,
NC-06,"Walker, Mark",(R),41.4,56.1,43.2,55.9,45.2,53.8,1.0,1.0,0.0,1.0,1.0,0.0,4,1,2,9,2,8,,
NC-07,"Rouzer, David",(R),39.9,57.6,43.2,55.9,44.6,54.6,1.0,0.0,1.0,0.0,0.0,0.0,9,6,2,9,8,7,,
NC-08,"Hudson, Richard",(R),41.1,56.1,44.4,54.7,45.3,53.9,1.0,1.0,0.0,0.0,1.0,0.0,1,1,4,7,4,0,,
NC-09,"Pittenger, Robert",(R),42.8,54.4,43.8,55.4,45.2,54.0,0.0,0.0,0.0,0.0,0.0,0.0,8,4,8,4,5,3,,
NC-10,"McHenry, Patrick",(R),36.4,61.0,40.4,58.5,41.6,57.4,0.0,1.0,1.0,0.0,1.0,1.0,4,0,4,5,7,5,,
NC-11,"Meadows, Mark",(R),34.0,63.2,39.1,59.6,41.5,57.1,1.0,0.0,0.0,1.0,0.0,0.0,0,2,1,6,6,1,,
NC-12,"Adams, Alma",(D),68.4,28.4,67.8,31.3,68.0,31.3,1.0,0.0,1.0,1.0,0.0,0.0,4,4,8,3,5,6,,
NC-13,"Budd, Ted",(R),44.0,53.4,46.1,52.9,47.9,51.2,0.0,0.0,1.0,1.0,1.0,1.0,0,4,1,9,1,2,,
ND-AL,"Cramer, Kevin",(R),27.7,64.1,38.9,58.7,44.6,53.3,1.0,1.0,1.0,0.0,0.0,1.0,7,1,9,7,7,3,,
NE-01,"Fortenberry, Jeff",(R),36.2,57.5,40.8,57.5,44.2,54.3,1.0,0.0,0.0,0.0,1.0,1.0,2,5,8,5,0,1,,
NE-02,"Bacon, Don",(R),46.0,48.2,45.7,52.8,50.0,48.8,0.0,1.0,1.0,1.0,1.0,1.0,0,2,7,8,8,6,,
NE-03,"Smith, Adrian",(R),20.0,74.9,27.8,70.2,31.1,67.1,0.0,0.0,1.0,1.0,1.0,1.0,0,9,8,2,0,9,,
NH-01,"Shea-Porter, Carol",(D),46.6,48.2,50.2,48.6,52.8,46.4,1.0,0.0,1.0,1.0,0.0,0.0,6,2,2,6,8,4,,
NH-02,"Kuster, Annie",(D),48.6,46.2,54.2,44.5,56.0,43.1,1.0,1.0,0.0,1.0,0.0,0.0,6,2,2,5,0,1,,
NJ-01,"Norcross, Donald",(D),60.6,36.1,65.1,33.8,64.7,34.2,0.0,1.0,0.0,1.0,0.0,0.0,6,1,1,8,7,2,,
NJ-02,"LoBiondo, Frank",(R),46.0,50.6,53.5,45.4,53.2,45.5,0.0,1.0,1.0,0.0,0.0,1.0,0,6,5,4,2,5,,
NJ-03,"MacArthur, Tom",(R),45.2,51.4,51.8,47.2,51.1,47.7,1.0,0.0,0.0,0.0,1.0,0.0,2,4,8,2,1,7,,
NJ-04,"Smith, Chris",(R),41.0,55.8,44.7,54.2,45.3,53.6,0.0,0.0,0.0,1.0,0.0,1.0,0,8,7,2,3,6,,
NJ-05,"Gottheimer, Josh",(D),47.7,48.8,47.9,50.9,48.5,50.5,1.0,1.0,1.0,1.0,1.0,1.0,7,8,9,9,5,5,,
NJ-06,"Pallone, Frank",(D),56.2,40.6,61.4,37.4,58.4,40.5,1.0,1.0,1.0,1.0,1.0,0.0,2,6,4,4,4,5,,
NJ-07,"Lance, Leonard",(R),48.6,47.5,46.3,52.5,47.2,51.6,0.0,0.0,1.0,0.0,1.0,1.0,6,5,3,5,2,6,,
NJ-08,"Sires, Albio",(D),75.7,21.5,78.3,20.8,73.2,26.0,0.0,0.0,0.0,0.0,0.0,0.0,7,5,3,8,2,0,,
NJ-09,"Pascrell, Bill",(D),64.3,33.1,68.4,30.8,64.0,35.2,1.0,1.0,0.0,0.0,0.0,1.0,3,1,4,8,0,2,,
NJ-10,"Payne, Donald",(D),85.2,12.8,87.9,11.5,84.9,14.6,1.0,0.0,1.0,1.0,1.0,0.0,2,8,9,5,9,6,,
NJ-11,"Frelinghuysen, Rodney",(R),47.9,48.8,46.6,52.4,47.0,52.1,1.0,0.0,0.0,0.0,0.0,0.0,9,8,6,4,0,1,,
NJ-12,"Watson Coleman, Bonnie",(D),65.0,31.8,66.5,32.4,65.7,33.3,1.0,0.0,0.0,1.0,0.0,0.0,0,8,5,4,7,3,,
NM-01,"Lujan Grisham, Michelle",(D),51.6,35.1,55.3,39.6,59.7,39.0,1.0,1.0,0.0,0.0,0.0,0.0,6,1,3,6,7,0,,
NM-02,"Pearce, Steve",(R),39.9,50.1,44.9,51.7,48.4,50.2,0.0,0.0,0.0,1.0,1.0,0.0,9,1,9,7,4,2,,
NM-03,"Lujan, Ben",(D),51.8,36.7,57.5,38.7,61.2,37.5,1.0,0.0,1.0,0.0,1.0,1.0,8,7,5,7,2,5,,
NV-01,"Titus, Dina",(D),61.6,32.6,65.6,32.4,64.5,33.0,1.0,1.0,1.0,1.0,1.0,1.0,6,6,6,4,5,0,,
NV-02,"Amodei, Mark",(R),39.7,52.0,44.8,52.9,49.4,48.2,0.0,1.0,1.0,0.0,1.0,1.0,7,0,8,9,4,2,,
NV-03,"Rosen, Jacky",(D),46.5,47.5,49.5,48.7,53.5,44.6,1.0,1.0,1.0,1.0,1.0,0.0,5,5,5,7,5,6,,
NV-04,"Kihuen, Ruben",(D),49.5,44.6,54.4,43.7,56.4,41.4,0.0,0.0,1.0,1.0,1.0,1.0,5,6,4,7,4,4,,
NY-01,"Zeldin, Lee",(R),42.2,54.5,49.6,49.1,51,48,0,0,1,0,0,1,2,5,6,1,4,6,,
NY-02,"King, Peter",(R),43.9,53.0,51.6,47.2,51,48,1,0,1,1,0,0,9,0,6,2,3,9,,
NY-03,"Suozzi, Tom",(D),51.6,45.5,50.8,48.2,54,46,1,0,0,1,1,0,6,5,8,2,5,7,,
NY-04,"Rice, Kathleen",(D),53.4,43.8,56.3,42.8,55,44,0,0,1,0,1,1,4,8,3,8,3,9,,
NY-05,"Meeks, Gregory",(D),85.7,12.7,90.6,9.1,86,14,1,0,0,1,1,0,7,7,6,1,1,6,,
NY-06,"Meng, Grace",(D),65.1,32.1,67.8,31.0,63,36,1,0,1,1,1,1,1,1,8,0,4,7,,
NY-07,"Velazquez, Nydia",(D),86.9,10.4,88.4,10.3,84,15,0,0,1,1,0,1,9,4,3,3,4,9,,
NY-08,"Jeffries, Hakeem",(D),84.6,13.5,89.3,10.1,86,14,1,0,0,1,1,1,6,5,3,1,0,6,,
NY-09,"Clarke, Yvette",(D),83.5,14.4,85.3,13.8,84,15,0,1,0,1,0,1,5,4,3,8,1,4,,
NY-10,"Nadler, Jerrold",(D),78.3,18.8,73.6,25.0,76,23,1,0,1,1,0,1,3,8,6,0,7,4,,
NY-11,"Donovan, Dan",(R),43.8,53.6,51.6,47.3,48,51,0,1,0,1,0,1,8,6,6,3,3,9,,
NY-12,"Maloney, Carolyn",(D),83.3,13.5,76.9,21.5,80,19,0,0,1,1,1,0,3,5,9,5,1,9,,
NY-13,"Espaillat, Adriano",(D),92.3,5.4,94.6,4.6,93,6,0,1,1,0,1,1,3,4,6,6,3,1,,
NY-14,"Crowley, Joe",(D),77.7,19.8,80.7,18.3,76,23,0,0,0,0,0,1,7,8,7,3,1,2,,
NY-15,"Serrano, Jose",(D),93.8,4.9,96.7,3.0,95,5,0,0,1,1,0,1,8,9,7,0,6,2,,
NY-16,"Engel, Eliot",(D),75.1,22.5,73.7,25.5,73,26,1,0,0,1,1,1,1,5,7,5,9,4,,
NY-17,"Lowey, Nita",(D),58.6,38.4,57.1,41.8,58,41,0,1,0,1,1,0,6,4,1,8,0,2,,
NY-18,"Maloney, Sean",(D),47.1,49.0,51.4,47.1,52,47,0,1,1,1,0,0,1,0,4,1,1,9,,
NY-19,"Faso, John",(R),44.0,50.8,52.1,45.9,53,45,0,0,1,0,0,1,0,8,1,9,0,3,,
NY-20,"Tonko, Paul",(D),54.0,40.5,59.2,38.8,58,40,0,0,0,0,0,1,0,5,2,8,3,8,,
NY-21,"Stefanik, Elise",(R),40.0,53.9,52.2,46.1,52,47,0,0,1,0,0,1,0,9,2,1,7,7,,
NY-22,"Tenney, Claudia",(R),39.3,54.8,48.8,49.2,49,49,1,1,0,1,0,1,3,8,8,2,1,1,,
NY-23,"Reed, Tom",(R),39.7,54.5,48.4,49.6,50,49,0,1,0,0,0,0,7,5,4,6,6,8,,
NY-24,"Katko, John",(R),48.9,45.3,57.0,41.1,56,42,1,0,1,0,0,1,9,3,0,1,2,0,,
NY-25,,(D),55.5,39.1,58.8,39.4,59,40,1,1,0,1,0,1,5,1,8,4,8,9,,
NY-26,"Higgins, Brian",(D),57.6,38.0,63.9,34.3,63,35,0,0,1,1,1,1,6,0,9,3,4,0,,
NY-27,"Collins, Chris",(R),35.2,59.7,42.9,55.3,44,54,1,0,0,0,0,1,2,7,9,3,5,9,,
OH-01,"Chabot, Steve",(R),44.6,51.2,46.3,52.4,47.2,51.8,0.0,1.0,0.0,0.0,1.0,0.0,6,2,3,4,2,8,,
OH-02,"Wenstrup, Brad",(R),39.7,55.8,43.7,54.7,44.3,54.2,0.0,0.0,0.0,1.0,1.0,1.0,7,8,7,7,3,2,,
OH-03,"Beatty, Joyce",(D),67.0,28.6,69.7,28.9,67.4,31.3,0.0,0.0,0.0,0.0,0.0,1.0,0,6,7,9,4,3,,
OH-04,"Jordan, Jim",(R),30.7,64.3,42.0,56.0,43.7,54.4,0.0,0.0,1.0,0.0,0.0,1.0,7,3,0,0,7,4,,
OH-05,"Latta, Bob",(R),34.6,59.7,44.1,53.9,46.0,52.2,0.0,0.0,0.0,0.0,1.0,0.0,6,7,1,9,0,2,,
OH-06,"Johnson, Bill",(R),26.7,69.3,42.7,55.2,44.7,53.1,1.0,1.0,0.0,0.0,0.0,0.0,7,3,7,2,7,1,,
OH-07,"Gibbs, Bob",(R),32.8,62.5,44.2,53.7,46.9,50.9,1.0,0.0,1.0,1.0,0.0,1.0,8,5,2,7,9,9,,
OH-08,"Davidson, Warren",(R),30.6,65.1,36.4,61.9,38.1,60.3,1.0,1.0,1.0,1.0,1.0,0.0,6,1,4,9,1,3,,
OH-09,"Kaptur, Marcy",(D),58.7,36.5,67.6,30.9,66.8,31.6,1.0,1.0,0.0,0.0,1.0,1.0,7,5,6,9,8,6,,
OH-10,"Turner, Michael",(R),44.0,51.3,48.2,50.1,49.3,49.3,1.0,1.0,1.0,1.0,1.0,1.0,0,3,2,1,3,3,,
OH-11,"Fudge, Marcia",(D),80.5,17.0,82.7,16.5,82.0,17.2,1.0,1.0,1.0,1.0,1.0,1.0,5,0,7,5,0,2,,
OH-12,,(R),41.9,53.2,43.9,54.4,44.8,53.7,0.0,0.0,0.0,0.0,0.0,1.0,9,2,9,4,8,7,,
OH-13,"Ryan, Tim",(D),51.1,44.6,62.9,35.4,62.3,35.8,1.0,1.0,1.0,1.0,0.0,0.0,1,6,9,4,3,8,,
OH-14,"Joyce, David",(R),42.1,53.6,47.6,50.9,49.1,49.4,1.0,0.0,0.0,0.0,0.0,1.0,1,6,6,9,1,4,,
OH-15,"Stivers, Steve",(R),39.9,55.3,46.3,51.9,46.1,52.2,0.0,1.0,1.0,0.0,0.0,1.0,9,3,3,9,1,2,,
OH-16,"Renacci, Jim",(R),39.5,56.2,45.2,53.4,47.2,51.3,0.0,1.0,0.0,0.0,1.0,0.0,5,1,2,4,2,3,,
OK-01,,(R),32.7,61.4,34.2,65.8,35.8,64.2,0.0,1.0,1.0,0.0,1.0,0.0,7,4,2,8,8,2,,
OK-02,"Mullin, Markwayne",(R),22.8,72.9,32.2,67.8,34.3,65.7,1.0,0.0,0.0,1.0,0.0,1.0,8,9,2,8,3,7,,
OK-03,"Lucas, Frank",(R),20.9,73.6,26.1,73.9,27.1,72.9,0.0,1.0,0.0,1.0,0.0,1.0,9,6,1,9,1,9,,
OK-04,"Cole, Tom",(R),28.3,65.7,32.9,67.1,33.9,66.1,1.0,1.0,0.0,1.0,0.0,1.0,3,7,9,1,9,1,,
OK-05,"Russell, Steve",(R),39.8,53.2,40.8,59.2,40.8,59.2,1.0,1.0,0.0,1.0,0.0,1.0,8,2,8,2,8,2,,
OR-01,"Bonamici, Suzanne",(D),57.3,34.5,57.3,40.0,59.6,37.7,1.0,1.0,0.0,1.0,0.0,1.0,3,5,3,0,6,7,,
OR-02,"Walden, Greg",(R),36.4,56.5,40.5,56.8,43.3,53.8,1.0,1.0,0.0,1.0,0.0,1.0,4,5,5,8,3,8,,
OR-03,"Blumenauer, Earl",(D),70.7,22.5,72.0,24.7,72.9,24.3,1.0,0.0,1.0,0.0,1.0,1.0,7,5,0,7,9,3,,
OR-04,"DeFazio, Peter",(D),46.1,46.0,51.7,45.0,54.2,42.7,1.0,0.0,1.0,0.0,0.0,0.0,1,0,7,0,2,7,,
OR-05,"Schrader, Kurt",(D),48.3,44.1,50.5,47.1,53.0,44.2,1.0,0.0,0.0,1.0,1.0,1.0,3,1,5,1,0,2,,
PA-01,"Fitzpatrick, Brian",(R),49.1,47.1,50.2,48.6,53.9,45.0,1.0,1.0,1.0,0.0,1.0,0.0,1,1,2,6,9,0,,
PA-02,"Boyle, Brendan",(D),72.9,24.9,77.4,21.8,73.1,26.1,1.0,0.0,0.0,1.0,1.0,0.0,9,9,4,8,1,1,,
PA-03,"Evans, Dwight",(D),90.9,7.0,91.7,7.6,91.8,7.8,1.0,1.0,1.0,0.0,1.0,0.0,9,0,7,6,8,8,,
PA-04,OPEN (no incumbent),(D),57.8,38.5,56.1,42.8,59.5,39.6,1.0,0.0,0.0,1.0,1.0,0.0,8,5,1,8,5,6,,
PA-05,OPEN (no incumbent),(R),62.6,34.4,63.4,35.7,62.8,36.3,1.0,0.0,0.0,0.0,0.0,1.0,6,4,4,7,8,3,,
PA-06,"Costello, Ryan",(R),52.6,43.3,51.0,47.8,55.7,43.4,0.0,1.0,0.0,1.0,0.0,1.0,6,3,0,8,7,4,,
PA-07,OPEN (no incumbent),(R),48.7,47.6,52.9,45.9,56.6,42.1,0.0,0.0,0.0,0.0,0.0,1.0,7,6,9,9,6,1,,
PA-08,"Cartwright, Matt",(D),43.7,53.3,55.3,43.4,56.7,42.3,1.0,0.0,1.0,0.0,0.0,1.0,7,3,3,4,7,3,,
PA-09,OPEN (no incumbent),(R),31.0,65.0,41.2,57.2,45.6,53.0,1.0,1.0,1.0,0.0,0.0,0.0,0,0,2,2,6,0,,
PA-10,"Perry, Scott",(R),43.4,52.3,46.0,52.6,48.6,50.3,0.0,1.0,0.0,1.0,1.0,1.0,4,3,0,6,6,3,,
PA-11,"Smucker, Lloyd",(R),34.7,60.5,38.0,60.5,42.0,57.1,0.0,1.0,1.0,0.0,0.0,0.0,7,5,0,5,0,1,,
PA-12,"Marino, Tom",(R),29.7,66.1,36.8,61.5,41.7,57.0,1.0,1.0,1.0,0.0,0.0,1.0,7,1,8,5,7,0,,
PA-13,OPEN (no incumbent),(R),25.5,71.2,32.1,66.6,37.0,61.8,0.0,0.0,0.0,0.0,0.0,0.0,5,2,1,6,0,8,,
PA-14,VACANT,,33.9,62.9,40.6,58.3,44.7,54.2,0.0,1.0,0.0,0.0,1.0,0.0,9,9,6,3,7,2,,
PA-15,"Thompson, Glenn",(R),26.5,69.8,35.7,62.6,42.6,55.8,1.0,1.0,1.0,1.0,0.0,1.0,5,8,7,6,6,8,,
PA-16,"Kelly, Mike",(R),37.9,57.9,46.9,51.7,49.6,49.0,1.0,1.0,1.0,1.0,1.0,1.0,9,9,9,7,6,0,,
PA-17,"Rothfus, Keith
Lamb, Conor","(R)
(D)",46.8,49.4,47.2,51.7,48.6,50.5,1.0,0.0,0.0,0.0,0.0,0.0,8,4,2,7,6,5,,
PA-18,"Doyle, Mike",(D),62.1,34.6,63.5,35.2,63.4,35.7,1.0,0.0,0.0,1.0,0.0,0.0,1,6,5,2,4,7,,
RI-01,"Cicilline, David",(D),60.5,34.9,66.2,32.2,66.6,31.8,0.0,1.0,1.0,0.0,1.0,1.0,5,9,2,2,6,8,,
RI-02,"Langevin, Jim",(D),51.1,44.0,59.8,38.3,59.9,38.3,0.0,1.0,1.0,0.0,0.0,1.0,1,0,8,3,9,3,,
SC-01,"Sanford, Mark",(R),40.4,53.5,40.2,58.3,42.7,56.1,1.0,0.0,0.0,0.0,1.0,0.0,4,5,2,3,7,1,,
SC-02,"Wilson, Joe",(R),38.6,56.3,39.4,59.1,39.4,59.5,0.0,0.0,1.0,1.0,1.0,1.0,6,3,4,1,4,5,,
SC-03,"Duncan, Jeff",(R),29.0,67.0,33.9,64.5,35.1,63.5,1.0,1.0,1.0,1.0,0.0,0.0,0,0,9,5,1,5,,
SC-04,"Gowdy, Trey",(R),34.5,60.2,36.2,62.2,37.7,60.6,0.0,0.0,0.0,0.0,1.0,0.0,5,2,2,2,7,6,,
SC-05,"Norman, Ralph",(R),38.8,57.3,43.6,55.1,43.8,55.0,0.0,0.0,1.0,1.0,1.0,0.0,8,3,6,1,8,0,,
SC-06,"Clyburn, Jim",(D),66.8,30.3,70.9,28.1,70.1,28.9,0.0,0.0,0.0,0.0,0.0,1.0,8,3,9,1,1,9,,
SC-07,"Rice, Tom",(R),39.1,58.0,44.4,54.5,45.3,53.6,1.0,1.0,1.0,1.0,1.0,1.0,1,0,4,5,3,6,,
SD-AL,"Noem, Kristi",(R),31.7,61.5,39.9,57.9,44.7,53.2,1.0,1.0,0.0,0.0,1.0,0.0,7,5,9,9,7,2,,
TN-01,"Roe, Phil",(R),19.7,76.7,25.7,72.7,28.6,69.9,0.0,1.0,0.0,0.0,1.0,1.0,7,7,7,7,6,9,,
TN-02,"Duncan, John",(R),29.7,65.1,30.9,67.3,34.5,64.0,1.0,1.0,0.0,0.0,1.0,0.0,7,1,9,3,5,0,,
TN-03,"Fleischmann, Chuck",(R),30.2,65.4,35.1,63.3,37.3,61.3,1.0,1.0,0.0,0.0,1.0,1.0,2,4,1,3,3,3,,
TN-04,"DesJarlais, Scott",(R),27.4,68.6,33.1,65.3,35.8,62.6,1.0,0.0,1.0,1.0,1.0,1.0,4,6,1,3,8,6,,
TN-05,"Cooper, Jim",(D),56.5,38.2,55.9,42.5,57.5,41.3,1.0,0.0,0.0,0.0,0.0,0.0,5,2,9,5,5,3,,
TN-06,"Black, Diane",(R),23.7,72.6,29.5,69.1,33.5,64.9,0.0,1.0,1.0,0.0,0.0,1.0,7,6,5,1,5,9,,
TN-07,"Blackburn, Marsha",(R),28.2,67.5,32.9,65.7,36.3,62.4,1.0,1.0,0.0,0.0,1.0,0.0,2,5,9,7,3,4,,
TN-08,"Kustoff, David",(R),30.7,66.3,32.9,66.1,34.9,64.1,0.0,1.0,0.0,1.0,1.0,0.0,7,3,9,1,9,1,,
TN-09,"Cohen, Steve",(D),77.5,19.8,78.4,20.9,77.0,22.5,1.0,0.0,0.0,1.0,0.0,0.0,5,8,4,9,0,5,,
TX-01,"Gohmert, Louie",(R),25.3,72.2,27.5,71.6,30,69,0,1,0,0,0,0,3,2,5,6,5,0,,
TX-02,"Poe, Ted",(R),43.1,52.4,35.6,62.9,37,62,0,0,0,1,1,0,1,4,6,9,4,9,,
TX-03,"Johnson, Sam",(R),40.6,54.8,34.2,64.3,37,61,1,1,1,1,1,1,6,8,2,3,5,7,,
TX-04,"Ratcliffe, John",(R),21.8,75.4,24.8,74.0,29,70,0,1,1,1,0,1,8,4,8,0,4,9,,
TX-05,"Hensarling, Jeb",(R),34.3,62.7,34.4,64.5,37,62,0,0,0,1,1,1,3,7,4,5,4,9,,
TX-06,"Barton, Joe",(R),41.9,54.2,40.8,57.9,42,57,1,0,0,1,0,1,9,2,8,9,3,1,,
TX-07,"Culberson, John",(R),48.5,47.1,38.6,59.9,40,59,0,1,0,1,1,1,5,1,6,9,5,8,,
TX-08,"Brady, Kevin",(R),23.9,72.7,21.7,77.0,26,73,1,1,1,1,0,0,9,7,7,0,2,2,,
TX-09,"Green, Al",(D),79.3,18.0,78.0,21.1,76,23,1,1,1,1,0,1,3,0,0,1,2,4,,
TX-10,"McCaul, Michael",(R),43.2,52.3,38.8,59.1,43,56,0,1,1,1,1,0,2,3,8,1,7,4,,
TX-11,"Conaway, Michael",(R),19.1,77.8,19.6,79.2,23,76,0,1,0,0,0,0,1,8,6,2,2,1,,
TX-12,"Granger, Kay",(R),32.7,62.9,31.7,66.8,35,64,1,1,0,1,1,1,7,9,7,8,5,7,,
TX-13,"Thornberry, Mac",(R),16.9,79.9,18.5,80.2,22,77,0,1,1,1,0,0,9,9,5,2,3,0,,
TX-14,"Weber, Randy",(R),38.4,58.2,39.5,59.3,42,57,1,0,0,1,1,1,4,2,5,3,2,1,,
TX-15,"Gonzalez, Vicente",(D),56.7,40.0,57.4,41.5,57,42,0,0,1,1,1,1,7,0,4,5,4,9,,
TX-16,"O'Rourke, Beto",(D),67.9,27.2,64.2,34.5,64,35,0,0,0,1,1,1,9,2,2,5,6,7,,
TX-17,"Flores, Bill",(R),38.8,56.3,37.7,60.4,41,58,1,1,1,0,1,0,8,3,7,4,0,1,,
TX-18,"Jackson-Lee, Sheila",(D),76.5,20.0,76.1,22.8,77,23,0,0,1,1,0,1,5,0,1,8,7,9,,
TX-19,"Arrington, Jodey",(R),23.5,72.5,25.0,73.6,28,71,0,1,1,0,0,1,5,5,0,6,0,3,,
TX-20,"Castro, Joaquin",(D),61.0,34.3,58.9,39.7,58,41,1,0,1,0,0,1,0,3,9,7,5,8,,
TX-21,"Smith, Lamar",(R),42.5,52.5,37.9,59.8,42,56,0,0,0,1,1,0,5,5,9,8,4,7,,
TX-22,"Olson, Pete",(R),44.2,52.1,36.7,62.1,39,60,0,0,0,1,1,1,2,1,7,1,8,5,,
TX-23,"Hurd, Will",(R),49.8,46.4,48.1,50.7,50,49,0,0,0,1,0,0,8,4,1,7,0,4,,
TX-24,"Marchant, Kenny",(R),44.5,50.7,38.0,60.4,41,58,0,1,0,1,0,0,5,7,0,4,7,6,,
TX-25,"Williams, Roger",(R),40.2,55.1,37.8,59.9,43,56,1,0,1,1,1,0,2,1,8,9,8,2,,
TX-26,"Burgess, Michael",(R),34.4,60.9,30.7,67.6,35,64,0,0,1,1,0,1,4,9,7,6,0,3,,
TX-27,"Cloud, Michael",(R),36.5,60.1,38.2,60.5,40,59,1,0,0,1,1,0,5,1,2,5,2,1,,
TX-28,"Cuellar, Henry",(D),58.3,38.5,60.3,38.7,58,41,1,0,1,1,1,0,3,5,3,7,4,1,,
TX-29,"Green, Gene",(D),71.1,25.4,65.9,33.0,62,37,1,1,1,0,0,0,1,4,9,0,3,1,,
TX-30,"Johnson, E.B.",(D),79.1,18.3,79.6,19.6,78,21,0,0,1,1,1,1,1,3,6,6,5,1,,
TX-31,"Carter, John",(R),40.8,53.5,38.3,59.6,43,56,0,1,0,0,1,0,8,5,3,6,8,2,,
TX-32,"Sessions, Pete",(R),48.5,46.6,41.5,57.0,44,55,1,1,0,1,1,0,5,6,5,0,0,3,,
TX-33,"Veasey, Marc",(D),72.9,23.7,72.0,27.1,69,31,0,1,0,0,1,1,9,7,0,1,7,7,,
TX-34,"Vela, Filemon",(D),59.2,37.7,60.8,38.3,60,39,0,0,0,1,1,1,2,7,8,3,2,2,,
TX-35,"Doggett, Lloyd",(D),64.1,30.5,63.0,34.6,63,35,0,0,1,1,0,1,1,5,0,6,5,6,,
TX-36,"Babin, Brian",(R),25.2,72.0,25.7,73.2,30,69,1,0,0,0,1,1,2,0,7,2,6,6,,
UT-01,"Bishop, Rob",(R),22.4,49.7,20.4,77.4,29.4,67.7,0.0,1.0,1.0,0.0,0.0,0.0,4,7,4,4,4,7,,
UT-02,"Stewart, Chris",(R),32.0,46.0,29.2,68.0,38.4,58.5,0.0,1.0,1.0,0.0,1.0,1.0,0,0,2,0,4,5,,
UT-03,"Curtis, John",(R),23.3,47.2,19.5,78.3,29.5,67.5,0.0,0.0,0.0,0.0,1.0,1.0,3,2,5,3,5,5,,
UT-04,"Love, Mia",(R),32.4,39.1,30.2,67.2,40.9,56.1,0.0,0.0,1.0,0.0,0.0,0.0,4,1,2,2,9,1,,
VA-01,"Wittman, Rob",(R),41.2,53.6,43.4,55.3,43.8,55.4,1.0,1.0,1.0,0.0,1.0,0.0,2,6,4,3,9,3,,
VA-02,"Taylor, Scott",(R),45.4,48.8,48.2,50.5,47.9,51.1,0.0,1.0,0.0,0.0,0.0,1.0,4,8,2,5,0,1,,
VA-03,"Scott, Bobby",(D),63.6,31.9,67.6,31.3,65.4,33.9,1.0,0.0,0.0,1.0,1.0,0.0,6,9,6,3,8,6,,
VA-04,"McEachin, Donald",(D),58.7,37.1,60.3,38.5,60.1,39.1,0.0,1.0,1.0,1.0,0.0,0.0,7,1,3,5,7,6,,
VA-05,"Garrett, Tom",(R),42.3,53.4,45.9,52.5,46.8,52.2,1.0,1.0,0.0,1.0,0.0,0.0,3,4,9,5,0,1,,
VA-06,"Goodlatte, Bob",(R),34.9,59.7,39.5,58.8,41.2,57.7,1.0,1.0,0.0,1.0,0.0,0.0,9,7,5,8,0,0,,
VA-07,"Brat, Dave",(R),44.0,50.5,44.1,54.6,44.9,54.3,0.0,0.0,0.0,0.0,0.0,1.0,0,5,1,6,7,5,,
VA-08,"Beyer, Don",(D),73.5,20.9,67.8,31.0,66.3,32.8,1.0,0.0,0.0,0.0,1.0,0.0,5,9,8,0,2,5,,
VA-09,"Griffith, Morgan",(R),27.3,68.8,34.9,63.1,39.7,58.9,0.0,0.0,1.0,0.0,1.0,0.0,3,8,9,1,2,4,,
VA-10,"Comstock, Barbara",(R),52.2,42.2,48.8,49.9,49.6,49.6,0.0,1.0,0.0,1.0,1.0,0.0,2,2,8,9,2,4,,
VA-11,"Connolly, Gerry",(D),66.9,27.5,62.5,36.3,60.7,38.5,1.0,1.0,0.0,1.0,0.0,1.0,9,5,5,3,5,1,,
VT-AL,"Welch, Peter",(D),56.7,30.3,67.0,31.2,67.8,30.6,0.0,0.0,1.0,0.0,0.0,0.0,7,3,0,2,8,6,,
WA-01,"DelBene, Suzan",(D),54.1,37.8,54.1,43.3,56.3,41.9,1.0,1.0,1.0,1.0,1.0,0.0,1,8,1,3,3,9,,
WA-02,"Larsen, Rick",(D),56.9,34.8,59.2,38.0,60.5,37.6,1.0,1.0,1.0,1.0,0.0,0.0,9,8,2,0,5,6,,
WA-03,"Herrera Beutler, Jaime",(R),42.5,49.9,47.9,49.6,50.9,47.1,1.0,1.0,1.0,0.0,1.0,0.0,5,9,9,6,9,1,,
WA-04,"Newhouse, Dan",(R),35.1,57.9,37.9,59.7,39.2,58.9,0.0,1.0,1.0,1.0,0.0,1.0,1,9,9,7,2,9,,
WA-05,"McMorris Rodgers, Cathy",(R),39.1,52.2,43.7,53.5,46.3,51.2,1.0,0.0,0.0,0.0,0.0,1.0,1,2,7,5,3,2,,
WA-06,"Kilmer, Derek",(D),51.8,39.5,56.1,41.2,57.0,40.9,1.0,0.0,1.0,0.0,1.0,1.0,8,5,1,2,0,9,,
WA-07,"Jayapal, Pramila",(D),82.1,12.2,79.2,18.1,80.4,18.0,1.0,0.0,1.0,0.0,1.0,1.0,1,2,2,1,4,0,,
WA-08,"Reichert, David",(R),47.7,44.7,49.7,48.1,51.5,46.8,1.0,0.0,0.0,1.0,0.0,0.0,7,7,7,1,5,8,,
WA-09,"Smith, Adam",(D),70.5,23.3,68.3,29.6,68.6,29.9,0.0,1.0,0.0,0.0,1.0,1.0,5,3,3,6,6,9,,
WA-10,"Heck, Denny",(D),51.3,39.9,56.3,41.1,57.2,41.0,0.0,1.0,1.0,1.0,0.0,0.0,3,9,3,1,2,0,,
WI-01,"Ryan, Paul",(R),42.3,52.6,47.4,51.6,50.8,48.1,0.0,1.0,1.0,1.0,0.0,1.0,3,6,4,6,8,1,,
WI-02,"Pocan, Mark",(D),65.8,29.0,68.3,30.5,70.1,28.6,0.0,0.0,0.0,0.0,1.0,1.0,8,0,3,5,1,6,,
WI-03,"Kind, Ron",(D),44.8,49.3,54.8,43.8,59.4,39.1,0.0,0.0,1.0,1.0,0.0,1.0,8,3,8,8,4,1,,
WI-04,"Moore, Gwen",(D),74.0,21.8,75.3,23.8,74.4,24.6,0.0,1.0,1.0,0.0,1.0,1.0,0,8,3,8,4,6,,
WI-05,"Sensenbrenner, Jim",(R),37.3,57.4,37.7,61.3,41.8,57.2,0.0,1.0,1.0,1.0,0.0,0.0,3,4,7,3,8,2,,
WI-06,"Grothman, Glenn",(R),38.8,55.7,45.8,53.1,49.4,49.3,1.0,0.0,0.0,0.0,1.0,0.0,8,7,8,1,4,3,,
WI-07,"Duffy, Sean",(R),37.3,57.7,47.8,50.9,53.2,45.3,0.0,1.0,1.0,1.0,0.0,1.0,3,7,8,9,2,3,,
WI-08,"Gallagher, Mike",(R),38.6,56.2,47.6,51.3,53.7,45.0,1.0,0.0,0.0,0.0,0.0,1.0,6,2,6,3,7,0,,
WV-01,"McKinley, David",(R),26.4,68.0,35.5,62.2,41.5,56.7,0.0,1.0,1.0,0.0,1.0,1.0,4,0,5,2,5,7,,
WV-02,"Mooney, Alex",(R),29.4,65.8,38.0,60.0,43.9,54.7,0.0,0.0,0.0,1.0,1.0,0.0,4,8,0,0,9,7,,
WV-03,"Jenkins, Evan",(R),23.3,72.5,32.8,65.0,42.3,55.7,0.0,1.0,0.0,1.0,0.0,1.0,3,5,8,0,3,7,,
WY-AL,"Cheney, Liz",(R),22.5,70.1,28.0,69.2,32.7,65.2,0.0,0.0,1.0,1.0,1.0,0.0,9,2,0,2,7,2,,
