"Voters_Gender","age_cat","EthnicGroups_EthnicGroup1Desc","CommercialData_Education","Parties_Description","count"
"F","18-24","East and South Asian","Bach Degree","Democratic",2433
"M","18-24","East and South Asian","Bach Degree","Democratic",1684
"F","25-34","East and South Asian","Bach Degree","Democratic",4148
"M","25-34","East and South Asian","Bach Degree","Democratic",2944
"F","35-44","East and South Asian","Bach Degree","Democratic",4551
"M","35-44","East and South Asian","Bach Degree","Democratic",3181
"F","45-54","East and South Asian","Bach Degree","Democratic",4164
"M","45-54","East and South Asian","Bach Degree","Democratic",3168
"F","55-64","East and South Asian","Bach Degree","Democratic",3301
"M","55-64","East and South Asian","Bach Degree","Democratic",2486
"F","65_or_older","East and South Asian","Bach Degree","Democratic",4149
"M","65_or_older","East and South Asian","Bach Degree","Democratic",3352
"F","18-24","European","Bach Degree","Democratic",15538
"M","18-24","European","Bach Degree","Democratic",12918
"F","25-34","European","Bach Degree","Democratic",37449
"M","25-34","European","Bach Degree","Democratic",31366
"F","35-44","European","Bach Degree","Democratic",44907
"M","35-44","European","Bach Degree","Democratic",39798
"F","45-54","European","Bach Degree","Democratic",44374
"M","45-54","European","Bach Degree","Democratic",36621
"F","55-64","European","Bach Degree","Democratic",52732
"M","55-64","European","Bach Degree","Democratic",38181
"F","65_or_older","European","Bach Degree","Democratic",80108
"M","65_or_older","European","Bach Degree","Democratic",52508
"F","18-24","Hispanic and Portuguese","Bach Degree","Democratic",51244
"M","18-24","Hispanic and Portuguese","Bach Degree","Democratic",52127
"F","25-34","Hispanic and Portuguese","Bach Degree","Democratic",64451
"M","25-34","Hispanic and Portuguese","Bach Degree","Democratic",53556
"F","35-44","Hispanic and Portuguese","Bach Degree","Democratic",83310
"M","35-44","Hispanic and Portuguese","Bach Degree","Democratic",49419
"F","45-54","Hispanic and Portuguese","Bach Degree","Democratic",75621
"M","45-54","Hispanic and Portuguese","Bach Degree","Democratic",49257
"F","55-64","Hispanic and Portuguese","Bach Degree","Democratic",62909
"M","55-64","Hispanic and Portuguese","Bach Degree","Democratic",42955
"F","65_or_older","Hispanic and Portuguese","Bach Degree","Democratic",85841
"M","65_or_older","Hispanic and Portuguese","Bach Degree","Democratic",58024
"F","18-24","Likely African-American","Bach Degree","Democratic",11611
"M","18-24","Likely African-American","Bach Degree","Democratic",11378
"F","25-34","Likely African-American","Bach Degree","Democratic",26636
"M","25-34","Likely African-American","Bach Degree","Democratic",22370
"F","35-44","Likely African-American","Bach Degree","Democratic",34033
"M","35-44","Likely African-American","Bach Degree","Democratic",23459
"F","45-54","Likely African-American","Bach Degree","Democratic",30415
"M","45-54","Likely African-American","Bach Degree","Democratic",21690
"F","55-64","Likely African-American","Bach Degree","Democratic",28705
"M","55-64","Likely African-American","Bach Degree","Democratic",21010
"F","65_or_older","Likely African-American","Bach Degree","Democratic",36654
"M","65_or_older","Likely African-American","Bach Degree","Democratic",22135
"F","18-24","Other","Bach Degree","Democratic",1381
"M","18-24","Other","Bach Degree","Democratic",1153
"F","25-34","Other","Bach Degree","Democratic",2741
"M","25-34","Other","Bach Degree","Democratic",2386
"F","35-44","Other","Bach Degree","Democratic",2910
"M","35-44","Other","Bach Degree","Democratic",2779
"F","45-54","Other","Bach Degree","Democratic",2703
"M","45-54","Other","Bach Degree","Democratic",2436
"F","55-64","Other","Bach Degree","Democratic",2574
"M","55-64","Other","Bach Degree","Democratic",2479
"F","65_or_older","Other","Bach Degree","Democratic",3001
"M","65_or_older","Other","Bach Degree","Democratic",2734
"F","18-24","East and South Asian","Grad Degree","Democratic",652
"M","18-24","East and South Asian","Grad Degree","Democratic",484
"F","25-34","East and South Asian","Grad Degree","Democratic",1838
"M","25-34","East and South Asian","Grad Degree","Democratic",1614
"F","35-44","East and South Asian","Grad Degree","Democratic",2133
"M","35-44","East and South Asian","Grad Degree","Democratic",1553
"F","45-54","East and South Asian","Grad Degree","Democratic",2921
"M","45-54","East and South Asian","Grad Degree","Democratic",2845
"F","55-64","East and South Asian","Grad Degree","Democratic",2510
"M","55-64","East and South Asian","Grad Degree","Democratic",2627
"F","65_or_older","East and South Asian","Grad Degree","Democratic",2501
"M","65_or_older","East and South Asian","Grad Degree","Democratic",3320
"F","18-24","European","Grad Degree","Democratic",4048
"M","18-24","European","Grad Degree","Democratic",3505
"F","25-34","European","Grad Degree","Democratic",16539
"M","25-34","European","Grad Degree","Democratic",16841
"F","35-44","European","Grad Degree","Democratic",16588
"M","35-44","European","Grad Degree","Democratic",14666
"F","45-54","European","Grad Degree","Democratic",23757
"M","45-54","European","Grad Degree","Democratic",22460
"F","55-64","European","Grad Degree","Democratic",34378
"M","55-64","European","Grad Degree","Democratic",31451
"F","65_or_older","European","Grad Degree","Democratic",42690
"M","65_or_older","European","Grad Degree","Democratic",45586
"F","18-24","Hispanic and Portuguese","Grad Degree","Democratic",4767
"M","18-24","Hispanic and Portuguese","Grad Degree","Democratic",5639
"F","25-34","Hispanic and Portuguese","Grad Degree","Democratic",16467
"M","25-34","Hispanic and Portuguese","Grad Degree","Democratic",13576
"F","35-44","Hispanic and Portuguese","Grad Degree","Democratic",22090
"M","35-44","Hispanic and Portuguese","Grad Degree","Democratic",13608
"F","45-54","Hispanic and Portuguese","Grad Degree","Democratic",23258
"M","45-54","Hispanic and Portuguese","Grad Degree","Democratic",17093
"F","55-64","Hispanic and Portuguese","Grad Degree","Democratic",20322
"M","55-64","Hispanic and Portuguese","Grad Degree","Democratic",16080
"F","65_or_older","Hispanic and Portuguese","Grad Degree","Democratic",21878
"M","65_or_older","Hispanic and Portuguese","Grad Degree","Democratic",17829
"F","18-24","Likely African-American","Grad Degree","Democratic",1336
"M","18-24","Likely African-American","Grad Degree","Democratic",1487
"F","25-34","Likely African-American","Grad Degree","Democratic",8923
"M","25-34","Likely African-American","Grad Degree","Democratic",7964
"F","35-44","Likely African-American","Grad Degree","Democratic",10804
"M","35-44","Likely African-American","Grad Degree","Democratic",7457
"F","45-54","Likely African-American","Grad Degree","Democratic",11169
"M","45-54","Likely African-American","Grad Degree","Democratic",9029
"F","55-64","Likely African-American","Grad Degree","Democratic",12406
"M","55-64","Likely African-American","Grad Degree","Democratic",11063
"F","65_or_older","Likely African-American","Grad Degree","Democratic",12739
"M","65_or_older","Likely African-American","Grad Degree","Democratic",10939
"F","18-24","Other","Grad Degree","Democratic",331
"M","18-24","Other","Grad Degree","Democratic",321
"F","25-34","Other","Grad Degree","Democratic",1281
"M","25-34","Other","Grad Degree","Democratic",1309
"F","35-44","Other","Grad Degree","Democratic",1375
"M","35-44","Other","Grad Degree","Democratic",1248
"F","45-54","Other","Grad Degree","Democratic",1700
"M","45-54","Other","Grad Degree","Democratic",1984
"F","55-64","Other","Grad Degree","Democratic",1883
"M","55-64","Other","Grad Degree","Democratic",2630
"F","65_or_older","Other","Grad Degree","Democratic",1771
"M","65_or_older","Other","Grad Degree","Democratic",2775
"F","18-24","East and South Asian","HS Diploma","Democratic",1501
"M","18-24","East and South Asian","HS Diploma","Democratic",993
"F","25-34","East and South Asian","HS Diploma","Democratic",1726
"M","25-34","East and South Asian","HS Diploma","Democratic",1078
"F","35-44","East and South Asian","HS Diploma","Democratic",1557
"M","35-44","East and South Asian","HS Diploma","Democratic",1064
"F","45-54","East and South Asian","HS Diploma","Democratic",1568
"M","45-54","East and South Asian","HS Diploma","Democratic",1140
"F","55-64","East and South Asian","HS Diploma","Democratic",1863
"M","55-64","East and South Asian","HS Diploma","Democratic",1274
"F","65_or_older","East and South Asian","HS Diploma","Democratic",3010
"M","65_or_older","East and South Asian","HS Diploma","Democratic",2048
"F","18-24","European","HS Diploma","Democratic",14096
"M","18-24","European","HS Diploma","Democratic",11587
"F","25-34","European","HS Diploma","Democratic",25104
"M","25-34","European","HS Diploma","Democratic",18840
"F","35-44","European","HS Diploma","Democratic",23199
"M","35-44","European","HS Diploma","Democratic",19796
"F","45-54","European","HS Diploma","Democratic",29271
"M","45-54","European","HS Diploma","Democratic",24003
"F","55-64","European","HS Diploma","Democratic",45613
"M","55-64","European","HS Diploma","Democratic",35263
"F","65_or_older","European","HS Diploma","Democratic",83027
"M","65_or_older","European","HS Diploma","Democratic",49783
"F","18-24","Hispanic and Portuguese","HS Diploma","Democratic",71764
"M","18-24","Hispanic and Portuguese","HS Diploma","Democratic",72201
"F","25-34","Hispanic and Portuguese","HS Diploma","Democratic",128967
"M","25-34","Hispanic and Portuguese","HS Diploma","Democratic",96899
"F","35-44","Hispanic and Portuguese","HS Diploma","Democratic",102169
"M","35-44","Hispanic and Portuguese","HS Diploma","Democratic",70904
"F","45-54","Hispanic and Portuguese","HS Diploma","Democratic",97145
"M","45-54","Hispanic and Portuguese","HS Diploma","Democratic",72957
"F","55-64","Hispanic and Portuguese","HS Diploma","Democratic",97762
"M","55-64","Hispanic and Portuguese","HS Diploma","Democratic",74977
"F","65_or_older","Hispanic and Portuguese","HS Diploma","Democratic",89935
"M","65_or_older","Hispanic and Portuguese","HS Diploma","Democratic",61370
"F","18-24","Likely African-American","HS Diploma","Democratic",13476
"M","18-24","Likely African-American","HS Diploma","Democratic",12368
"F","25-34","Likely African-American","HS Diploma","Democratic",32963
"M","25-34","Likely African-American","HS Diploma","Democratic",23412
"F","35-44","Likely African-American","HS Diploma","Democratic",31897
"M","35-44","Likely African-American","HS Diploma","Democratic",22865
"F","45-54","Likely African-American","HS Diploma","Democratic",35590
"M","45-54","Likely African-American","HS Diploma","Democratic",26616
"F","55-64","Likely African-American","HS Diploma","Democratic",43838
"M","55-64","Likely African-American","HS Diploma","Democratic",34132
"F","65_or_older","Likely African-American","HS Diploma","Democratic",49895
"M","65_or_older","Likely African-American","HS Diploma","Democratic",31514
"F","18-24","Other","HS Diploma","Democratic",1066
"M","18-24","Other","HS Diploma","Democratic",880
"F","25-34","Other","HS Diploma","Democratic",1242
"M","25-34","Other","HS Diploma","Democratic",970
"F","35-44","Other","HS Diploma","Democratic",1142
"M","35-44","Other","HS Diploma","Democratic",993
"F","45-54","Other","HS Diploma","Democratic",1209
"M","45-54","Other","HS Diploma","Democratic",1100
"F","55-64","Other","HS Diploma","Democratic",1397
"M","55-64","Other","HS Diploma","Democratic",1369
"F","65_or_older","Other","HS Diploma","Democratic",2092
"M","65_or_older","Other","HS Diploma","Democratic",1622
"F","18-24","East and South Asian","Less than HS Diploma","Democratic",254
"M","18-24","East and South Asian","Less than HS Diploma","Democratic",140
"F","25-34","East and South Asian","Less than HS Diploma","Democratic",584
"M","25-34","East and South Asian","Less than HS Diploma","Democratic",425
"F","35-44","East and South Asian","Less than HS Diploma","Democratic",351
"M","35-44","East and South Asian","Less than HS Diploma","Democratic",261
"F","45-54","East and South Asian","Less than HS Diploma","Democratic",316
"M","45-54","East and South Asian","Less than HS Diploma","Democratic",307
"F","55-64","East and South Asian","Less than HS Diploma","Democratic",318
"M","55-64","East and South Asian","Less than HS Diploma","Democratic",237
"F","65_or_older","East and South Asian","Less than HS Diploma","Democratic",581
"M","65_or_older","East and South Asian","Less than HS Diploma","Democratic",471
"F","18-24","European","Less than HS Diploma","Democratic",2392
"M","18-24","European","Less than HS Diploma","Democratic",1839
"F","25-34","European","Less than HS Diploma","Democratic",6999
"M","25-34","European","Less than HS Diploma","Democratic",6669
"F","35-44","European","Less than HS Diploma","Democratic",4477
"M","35-44","European","Less than HS Diploma","Democratic",4436
"F","45-54","European","Less than HS Diploma","Democratic",3959
"M","45-54","European","Less than HS Diploma","Democratic",3937
"F","55-64","European","Less than HS Diploma","Democratic",4791
"M","55-64","European","Less than HS Diploma","Democratic",4463
"F","65_or_older","European","Less than HS Diploma","Democratic",9598
"M","65_or_older","European","Less than HS Diploma","Democratic",7479
"F","18-24","Hispanic and Portuguese","Less than HS Diploma","Democratic",23975
"M","18-24","Hispanic and Portuguese","Less than HS Diploma","Democratic",25722
"F","25-34","Hispanic and Portuguese","Less than HS Diploma","Democratic",65006
"M","25-34","Hispanic and Portuguese","Less than HS Diploma","Democratic",57963
"F","35-44","Hispanic and Portuguese","Less than HS Diploma","Democratic",42962
"M","35-44","Hispanic and Portuguese","Less than HS Diploma","Democratic",38690
"F","45-54","Hispanic and Portuguese","Less than HS Diploma","Democratic",28288
"M","45-54","Hispanic and Portuguese","Less than HS Diploma","Democratic",28173
"F","55-64","Hispanic and Portuguese","Less than HS Diploma","Democratic",21547
"M","55-64","Hispanic and Portuguese","Less than HS Diploma","Democratic",22310
"F","65_or_older","Hispanic and Portuguese","Less than HS Diploma","Democratic",41083
"M","65_or_older","Hispanic and Portuguese","Less than HS Diploma","Democratic",33447
"F","18-24","Likely African-American","Less than HS Diploma","Democratic",2367
"M","18-24","Likely African-American","Less than HS Diploma","Democratic",2105
"F","25-34","Likely African-American","Less than HS Diploma","Democratic",9066
"M","25-34","Likely African-American","Less than HS Diploma","Democratic",7028
"F","35-44","Likely African-American","Less than HS Diploma","Democratic",6798
"M","35-44","Likely African-American","Less than HS Diploma","Democratic",5481
"F","45-54","Likely African-American","Less than HS Diploma","Democratic",5241
"M","45-54","Likely African-American","Less than HS Diploma","Democratic",4863
"F","55-64","Likely African-American","Less than HS Diploma","Democratic",5064
"M","55-64","Likely African-American","Less than HS Diploma","Democratic",5030
"F","65_or_older","Likely African-American","Less than HS Diploma","Democratic",7885
"M","65_or_older","Likely African-American","Less than HS Diploma","Democratic",5981
"F","18-24","Other","Less than HS Diploma","Democratic",173
"M","18-24","Other","Less than HS Diploma","Democratic",156
"F","25-34","Other","Less than HS Diploma","Democratic",376
"M","25-34","Other","Less than HS Diploma","Democratic",315
"F","35-44","Other","Less than HS Diploma","Democratic",240
"M","35-44","Other","Less than HS Diploma","Democratic",281
"F","45-54","Other","Less than HS Diploma","Democratic",189
"M","45-54","Other","Less than HS Diploma","Democratic",207
"F","55-64","Other","Less than HS Diploma","Democratic",219
"M","55-64","Other","Less than HS Diploma","Democratic",222
"F","65_or_older","Other","Less than HS Diploma","Democratic",347
"M","65_or_older","Other","Less than HS Diploma","Democratic",346
"F","18-24","East and South Asian","Some College","Democratic",3676
"M","18-24","East and South Asian","Some College","Democratic",2506
"F","25-34","East and South Asian","Some College","Democratic",2359
"M","25-34","East and South Asian","Some College","Democratic",1598
"F","35-44","East and South Asian","Some College","Democratic",1954
"M","35-44","East and South Asian","Some College","Democratic",1435
"F","45-54","East and South Asian","Some College","Democratic",1813
"M","45-54","East and South Asian","Some College","Democratic",1404
"F","55-64","East and South Asian","Some College","Democratic",1308
"M","55-64","East and South Asian","Some College","Democratic",930
"F","65_or_older","East and South Asian","Some College","Democratic",1395
"M","65_or_older","East and South Asian","Some College","Democratic",1061
"F","18-24","European","Some College","Democratic",39708
"M","18-24","European","Some College","Democratic",33465
"F","25-34","European","Some College","Democratic",37621
"M","25-34","European","Some College","Democratic",30855
"F","35-44","European","Some College","Democratic",29110
"M","35-44","European","Some College","Democratic",27180
"F","45-54","European","Some College","Democratic",30124
"M","45-54","European","Some College","Democratic",27501
"F","55-64","European","Some College","Democratic",30438
"M","55-64","European","Some College","Democratic",24095
"F","65_or_older","European","Some College","Democratic",37602
"M","65_or_older","European","Some College","Democratic",26259
"F","18-24","Hispanic and Portuguese","Some College","Democratic",122211
"M","18-24","Hispanic and Portuguese","Some College","Democratic",111358
"F","25-34","Hispanic and Portuguese","Some College","Democratic",86311
"M","25-34","Hispanic and Portuguese","Some College","Democratic",68265
"F","35-44","Hispanic and Portuguese","Some College","Democratic",68740
"M","35-44","Hispanic and Portuguese","Some College","Democratic",44415
"F","45-54","Hispanic and Portuguese","Some College","Democratic",52019
"M","45-54","Hispanic and Portuguese","Some College","Democratic",35769
"F","55-64","Hispanic and Portuguese","Some College","Democratic",31455
"M","55-64","Hispanic and Portuguese","Some College","Democratic",21804
"F","65_or_older","Hispanic and Portuguese","Some College","Democratic",26116
"M","65_or_older","Hispanic and Portuguese","Some College","Democratic",17815
"F","18-24","Likely African-American","Some College","Democratic",29544
"M","18-24","Likely African-American","Some College","Democratic",27164
"F","25-34","Likely African-American","Some College","Democratic",36144
"M","25-34","Likely African-American","Some College","Democratic",28818
"F","35-44","Likely African-American","Some College","Democratic",31544
"M","35-44","Likely African-American","Some College","Democratic",24428
"F","45-54","Likely African-American","Some College","Democratic",29070
"M","45-54","Likely African-American","Some College","Democratic",24474
"F","55-64","Likely African-American","Some College","Democratic",21555
"M","55-64","Likely African-American","Some College","Democratic",17697
"F","65_or_older","Likely African-American","Some College","Democratic",16587
"M","65_or_older","Likely African-American","Some College","Democratic",12345
"F","18-24","Other","Some College","Democratic",2977
"M","18-24","Other","Some College","Democratic",2553
"F","25-34","Other","Some College","Democratic",1970
"M","25-34","Other","Some College","Democratic",1732
"F","35-44","Other","Some College","Democratic",1539
"M","35-44","Other","Some College","Democratic",1536
"F","45-54","Other","Some College","Democratic",1416
"M","45-54","Other","Some College","Democratic",1440
"F","55-64","Other","Some College","Democratic",1106
"M","55-64","Other","Some College","Democratic",1097
"F","65_or_older","Other","Some College","Democratic",1133
"M","65_or_older","Other","Some College","Democratic",1020
"F","18-24","East and South Asian","Vocational Technical Degree","Democratic",9
"M","18-24","East and South Asian","Vocational Technical Degree","Democratic",7
"F","25-34","East and South Asian","Vocational Technical Degree","Democratic",5
"M","25-34","East and South Asian","Vocational Technical Degree","Democratic",4
"F","35-44","East and South Asian","Vocational Technical Degree","Democratic",16
"M","35-44","East and South Asian","Vocational Technical Degree","Democratic",3
"F","45-54","East and South Asian","Vocational Technical Degree","Democratic",7
"M","45-54","East and South Asian","Vocational Technical Degree","Democratic",11
"F","55-64","East and South Asian","Vocational Technical Degree","Democratic",15
"M","55-64","East and South Asian","Vocational Technical Degree","Democratic",1
"F","65_or_older","East and South Asian","Vocational Technical Degree","Democratic",16
"M","65_or_older","East and South Asian","Vocational Technical Degree","Democratic",5
"F","18-24","European","Vocational Technical Degree","Democratic",109
"M","18-24","European","Vocational Technical Degree","Democratic",87
"F","25-34","European","Vocational Technical Degree","Democratic",132
"M","25-34","European","Vocational Technical Degree","Democratic",95
"F","35-44","European","Vocational Technical Degree","Democratic",245
"M","35-44","European","Vocational Technical Degree","Democratic",186
"F","45-54","European","Vocational Technical Degree","Democratic",386
"M","45-54","European","Vocational Technical Degree","Democratic",257
"F","55-64","European","Vocational Technical Degree","Democratic",439
"M","55-64","European","Vocational Technical Degree","Democratic",296
"F","65_or_older","European","Vocational Technical Degree","Democratic",624
"M","65_or_older","European","Vocational Technical Degree","Democratic",337
"F","18-24","Hispanic and Portuguese","Vocational Technical Degree","Democratic",461
"M","18-24","Hispanic and Portuguese","Vocational Technical Degree","Democratic",373
"F","25-34","Hispanic and Portuguese","Vocational Technical Degree","Democratic",573
"M","25-34","Hispanic and Portuguese","Vocational Technical Degree","Democratic",353
"F","35-44","Hispanic and Portuguese","Vocational Technical Degree","Democratic",1080
"M","35-44","Hispanic and Portuguese","Vocational Technical Degree","Democratic",421
"F","45-54","Hispanic and Portuguese","Vocational Technical Degree","Democratic",723
"M","45-54","Hispanic and Portuguese","Vocational Technical Degree","Democratic",287
"F","55-64","Hispanic and Portuguese","Vocational Technical Degree","Democratic",487
"M","55-64","Hispanic and Portuguese","Vocational Technical Degree","Democratic",279
"F","65_or_older","Hispanic and Portuguese","Vocational Technical Degree","Democratic",349
"M","65_or_older","Hispanic and Portuguese","Vocational Technical Degree","Democratic",175
"F","18-24","Likely African-American","Vocational Technical Degree","Democratic",97
"M","18-24","Likely African-American","Vocational Technical Degree","Democratic",114
"F","25-34","Likely African-American","Vocational Technical Degree","Democratic",225
"M","25-34","Likely African-American","Vocational Technical Degree","Democratic",179
"F","35-44","Likely African-American","Vocational Technical Degree","Democratic",449
"M","35-44","Likely African-American","Vocational Technical Degree","Democratic",261
"F","45-54","Likely African-American","Vocational Technical Degree","Democratic",442
"M","45-54","Likely African-American","Vocational Technical Degree","Democratic",259
"F","55-64","Likely African-American","Vocational Technical Degree","Democratic",379
"M","55-64","Likely African-American","Vocational Technical Degree","Democratic",190
"F","65_or_older","Likely African-American","Vocational Technical Degree","Democratic",410
"M","65_or_older","Likely African-American","Vocational Technical Degree","Democratic",183
"F","18-24","Other","Vocational Technical Degree","Democratic",13
"M","18-24","Other","Vocational Technical Degree","Democratic",7
"F","25-34","Other","Vocational Technical Degree","Democratic",3
"M","25-34","Other","Vocational Technical Degree","Democratic",5
"F","35-44","Other","Vocational Technical Degree","Democratic",4
"M","35-44","Other","Vocational Technical Degree","Democratic",11
"F","45-54","Other","Vocational Technical Degree","Democratic",16
"M","45-54","Other","Vocational Technical Degree","Democratic",6
"F","55-64","Other","Vocational Technical Degree","Democratic",18
"M","55-64","Other","Vocational Technical Degree","Democratic",7
"F","65_or_older","Other","Vocational Technical Degree","Democratic",12
"M","65_or_older","Other","Vocational Technical Degree","Democratic",12
"F","18-24","East and South Asian","Bach Degree","Non-Partisan",2370
"M","18-24","East and South Asian","Bach Degree","Non-Partisan",2592
"F","25-34","East and South Asian","Bach Degree","Non-Partisan",4672
"M","25-34","East and South Asian","Bach Degree","Non-Partisan",4489
"F","35-44","East and South Asian","Bach Degree","Non-Partisan",5615
"M","35-44","East and South Asian","Bach Degree","Non-Partisan",4813
"F","45-54","East and South Asian","Bach Degree","Non-Partisan",4416
"M","45-54","East and South Asian","Bach Degree","Non-Partisan",4384
"F","55-64","East and South Asian","Bach Degree","Non-Partisan",3003
"M","55-64","East and South Asian","Bach Degree","Non-Partisan",2975
"F","65_or_older","East and South Asian","Bach Degree","Non-Partisan",3126
"M","65_or_older","East and South Asian","Bach Degree","Non-Partisan",2624
"F","18-24","European","Bach Degree","Non-Partisan",24255
"M","18-24","European","Bach Degree","Non-Partisan",25609
"F","25-34","European","Bach Degree","Non-Partisan",45995
"M","25-34","European","Bach Degree","Non-Partisan",46738
"F","35-44","European","Bach Degree","Non-Partisan",48379
"M","35-44","European","Bach Degree","Non-Partisan",42670
"F","45-54","European","Bach Degree","Non-Partisan",39111
"M","45-54","European","Bach Degree","Non-Partisan",33254
"F","55-64","European","Bach Degree","Non-Partisan",34240
"M","55-64","European","Bach Degree","Non-Partisan",27978
"F","65_or_older","European","Bach Degree","Non-Partisan",38114
"M","65_or_older","European","Bach Degree","Non-Partisan",22803
"F","18-24","Hispanic and Portuguese","Bach Degree","Non-Partisan",174
"M","18-24","Hispanic and Portuguese","Bach Degree","Non-Partisan",171
"F","25-34","Hispanic and Portuguese","Bach Degree","Non-Partisan",1345
"M","25-34","Hispanic and Portuguese","Bach Degree","Non-Partisan",8475
"F","35-44","Hispanic and Portuguese","Bach Degree","Non-Partisan",2627
"M","35-44","Hispanic and Portuguese","Bach Degree","Non-Partisan",18430
"F","45-54","Hispanic and Portuguese","Bach Degree","Non-Partisan",2141
"M","45-54","Hispanic and Portuguese","Bach Degree","Non-Partisan",17319
"F","55-64","Hispanic and Portuguese","Bach Degree","Non-Partisan",1664
"M","55-64","Hispanic and Portuguese","Bach Degree","Non-Partisan",13301
"F","65_or_older","Hispanic and Portuguese","Bach Degree","Non-Partisan",1817
"M","65_or_older","Hispanic and Portuguese","Bach Degree","Non-Partisan",8986
"F","18-24","Likely African-American","Bach Degree","Non-Partisan",55
"M","18-24","Likely African-American","Bach Degree","Non-Partisan",54
"F","25-34","Likely African-American","Bach Degree","Non-Partisan",130
"M","25-34","Likely African-American","Bach Degree","Non-Partisan",129
"F","35-44","Likely African-American","Bach Degree","Non-Partisan",176
"M","35-44","Likely African-American","Bach Degree","Non-Partisan",169
"F","45-54","Likely African-American","Bach Degree","Non-Partisan",110
"M","45-54","Likely African-American","Bach Degree","Non-Partisan",108
"F","55-64","Likely African-American","Bach Degree","Non-Partisan",95
"M","55-64","Likely African-American","Bach Degree","Non-Partisan",82
"F","65_or_older","Likely African-American","Bach Degree","Non-Partisan",106
"M","65_or_older","Likely African-American","Bach Degree","Non-Partisan",56
"F","18-24","Other","Bach Degree","Non-Partisan",1441
"M","18-24","Other","Bach Degree","Non-Partisan",1763
"F","25-34","Other","Bach Degree","Non-Partisan",2845
"M","25-34","Other","Bach Degree","Non-Partisan",3037
"F","35-44","Other","Bach Degree","Non-Partisan",3076
"M","35-44","Other","Bach Degree","Non-Partisan",3033
"F","45-54","Other","Bach Degree","Non-Partisan",2184
"M","45-54","Other","Bach Degree","Non-Partisan",2318
"F","55-64","Other","Bach Degree","Non-Partisan",1607
"M","55-64","Other","Bach Degree","Non-Partisan",1843
"F","65_or_older","Other","Bach Degree","Non-Partisan",1585
"M","65_or_older","Other","Bach Degree","Non-Partisan",1409
"F","18-24","East and South Asian","Grad Degree","Non-Partisan",542
"M","18-24","East and South Asian","Grad Degree","Non-Partisan",679
"F","25-34","East and South Asian","Grad Degree","Non-Partisan",2184
"M","25-34","East and South Asian","Grad Degree","Non-Partisan",2512
"F","35-44","East and South Asian","Grad Degree","Non-Partisan",2688
"M","35-44","East and South Asian","Grad Degree","Non-Partisan",2347
"F","45-54","East and South Asian","Grad Degree","Non-Partisan",2712
"M","45-54","East and South Asian","Grad Degree","Non-Partisan",2971
"F","55-64","East and South Asian","Grad Degree","Non-Partisan",1908
"M","55-64","East and South Asian","Grad Degree","Non-Partisan",2219
"F","65_or_older","East and South Asian","Grad Degree","Non-Partisan",1722
"M","65_or_older","East and South Asian","Grad Degree","Non-Partisan",1902
"F","18-24","European","Grad Degree","Non-Partisan",4032
"M","18-24","European","Grad Degree","Non-Partisan",4907
"F","25-34","European","Grad Degree","Non-Partisan",19248
"M","25-34","European","Grad Degree","Non-Partisan",23166
"F","35-44","European","Grad Degree","Non-Partisan",16993
"M","35-44","European","Grad Degree","Non-Partisan",16280
"F","45-54","European","Grad Degree","Non-Partisan",15636
"M","45-54","European","Grad Degree","Non-Partisan",15792
"F","55-64","European","Grad Degree","Non-Partisan",15818
"M","55-64","European","Grad Degree","Non-Partisan",16219
"F","65_or_older","European","Grad Degree","Non-Partisan",14572
"M","65_or_older","European","Grad Degree","Non-Partisan",13232
"F","18-24","Hispanic and Portuguese","Grad Degree","Non-Partisan",22
"M","18-24","Hispanic and Portuguese","Grad Degree","Non-Partisan",22
"F","25-34","Hispanic and Portuguese","Grad Degree","Non-Partisan",368
"M","25-34","Hispanic and Portuguese","Grad Degree","Non-Partisan",986
"F","35-44","Hispanic and Portuguese","Grad Degree","Non-Partisan",664
"M","35-44","Hispanic and Portuguese","Grad Degree","Non-Partisan",1960
"F","45-54","Hispanic and Portuguese","Grad Degree","Non-Partisan",629
"M","45-54","Hispanic and Portuguese","Grad Degree","Non-Partisan",3018
"F","55-64","Hispanic and Portuguese","Grad Degree","Non-Partisan",485
"M","55-64","Hispanic and Portuguese","Grad Degree","Non-Partisan",2572
"F","65_or_older","Hispanic and Portuguese","Grad Degree","Non-Partisan",455
"M","65_or_older","Hispanic and Portuguese","Grad Degree","Non-Partisan",1844
"F","18-24","Likely African-American","Grad Degree","Non-Partisan",10
"M","18-24","Likely African-American","Grad Degree","Non-Partisan",7
"F","25-34","Likely African-American","Grad Degree","Non-Partisan",52
"M","25-34","Likely African-American","Grad Degree","Non-Partisan",49
"F","35-44","Likely African-American","Grad Degree","Non-Partisan",62
"M","35-44","Likely African-American","Grad Degree","Non-Partisan",56
"F","45-54","Likely African-American","Grad Degree","Non-Partisan",35
"M","45-54","Likely African-American","Grad Degree","Non-Partisan",49
"F","55-64","Likely African-American","Grad Degree","Non-Partisan",31
"M","55-64","Likely African-American","Grad Degree","Non-Partisan",42
"F","65_or_older","Likely African-American","Grad Degree","Non-Partisan",45
"M","65_or_older","Likely African-American","Grad Degree","Non-Partisan",40
"F","18-24","Other","Grad Degree","Non-Partisan",329
"M","18-24","Other","Grad Degree","Non-Partisan",432
"F","25-34","Other","Grad Degree","Non-Partisan",1441
"M","25-34","Other","Grad Degree","Non-Partisan",1674
"F","35-44","Other","Grad Degree","Non-Partisan",1353
"M","35-44","Other","Grad Degree","Non-Partisan",1374
"F","45-54","Other","Grad Degree","Non-Partisan",1078
"M","45-54","Other","Grad Degree","Non-Partisan",1424
"F","55-64","Other","Grad Degree","Non-Partisan",877
"M","55-64","Other","Grad Degree","Non-Partisan",1416
"F","65_or_older","Other","Grad Degree","Non-Partisan",709
"M","65_or_older","Other","Grad Degree","Non-Partisan",1078
"F","18-24","East and South Asian","HS Diploma","Non-Partisan",1617
"M","18-24","East and South Asian","HS Diploma","Non-Partisan",1817
"F","25-34","East and South Asian","HS Diploma","Non-Partisan",2257
"M","25-34","East and South Asian","HS Diploma","Non-Partisan",2041
"F","35-44","East and South Asian","HS Diploma","Non-Partisan",2586
"M","35-44","East and South Asian","HS Diploma","Non-Partisan",1947
"F","45-54","East and South Asian","HS Diploma","Non-Partisan",2495
"M","45-54","East and South Asian","HS Diploma","Non-Partisan",2442
"F","55-64","East and South Asian","HS Diploma","Non-Partisan",2223
"M","55-64","East and South Asian","HS Diploma","Non-Partisan",2124
"F","65_or_older","East and South Asian","HS Diploma","Non-Partisan",3024
"M","65_or_older","East and South Asian","HS Diploma","Non-Partisan",2293
"F","18-24","European","HS Diploma","Non-Partisan",23311
"M","18-24","European","HS Diploma","Non-Partisan",24460
"F","25-34","European","HS Diploma","Non-Partisan",44543
"M","25-34","European","HS Diploma","Non-Partisan",39736
"F","35-44","European","HS Diploma","Non-Partisan",39217
"M","35-44","European","HS Diploma","Non-Partisan",32636
"F","45-54","European","HS Diploma","Non-Partisan",40340
"M","45-54","European","HS Diploma","Non-Partisan",35407
"F","55-64","European","HS Diploma","Non-Partisan",43311
"M","55-64","European","HS Diploma","Non-Partisan",39024
"F","65_or_older","European","HS Diploma","Non-Partisan",55171
"M","65_or_older","European","HS Diploma","Non-Partisan",31858
"F","18-24","Hispanic and Portuguese","HS Diploma","Non-Partisan",160
"M","18-24","Hispanic and Portuguese","HS Diploma","Non-Partisan",174
"F","25-34","Hispanic and Portuguese","HS Diploma","Non-Partisan",2652
"M","25-34","Hispanic and Portuguese","HS Diploma","Non-Partisan",6516
"F","35-44","Hispanic and Portuguese","HS Diploma","Non-Partisan",3861
"M","35-44","Hispanic and Portuguese","HS Diploma","Non-Partisan",9994
"F","45-54","Hispanic and Portuguese","HS Diploma","Non-Partisan",3189
"M","45-54","Hispanic and Portuguese","HS Diploma","Non-Partisan",7990
"F","55-64","Hispanic and Portuguese","HS Diploma","Non-Partisan",3018
"M","55-64","Hispanic and Portuguese","HS Diploma","Non-Partisan",6585
"F","65_or_older","Hispanic and Portuguese","HS Diploma","Non-Partisan",2198
"M","65_or_older","Hispanic and Portuguese","HS Diploma","Non-Partisan",4364
"F","18-24","Likely African-American","HS Diploma","Non-Partisan",41
"M","18-24","Likely African-American","HS Diploma","Non-Partisan",46
"F","25-34","Likely African-American","HS Diploma","Non-Partisan",107
"M","25-34","Likely African-American","HS Diploma","Non-Partisan",115
"F","35-44","Likely African-American","HS Diploma","Non-Partisan",121
"M","35-44","Likely African-American","HS Diploma","Non-Partisan",97
"F","45-54","Likely African-American","HS Diploma","Non-Partisan",107
"M","45-54","Likely African-American","HS Diploma","Non-Partisan",113
"F","55-64","Likely African-American","HS Diploma","Non-Partisan",113
"M","55-64","Likely African-American","HS Diploma","Non-Partisan",119
"F","65_or_older","Likely African-American","HS Diploma","Non-Partisan",130
"M","65_or_older","Likely African-American","HS Diploma","Non-Partisan",84
"F","18-24","Other","HS Diploma","Non-Partisan",1232
"M","18-24","Other","HS Diploma","Non-Partisan",1536
"F","25-34","Other","HS Diploma","Non-Partisan",1956
"M","25-34","Other","HS Diploma","Non-Partisan",1836
"F","35-44","Other","HS Diploma","Non-Partisan",1777
"M","35-44","Other","HS Diploma","Non-Partisan",1586
"F","45-54","Other","HS Diploma","Non-Partisan",1622
"M","45-54","Other","HS Diploma","Non-Partisan",1531
"F","55-64","Other","HS Diploma","Non-Partisan",1468
"M","55-64","Other","HS Diploma","Non-Partisan",1598
"F","65_or_older","Other","HS Diploma","Non-Partisan",1703
"M","65_or_older","Other","HS Diploma","Non-Partisan",1292
"F","18-24","East and South Asian","Less than HS Diploma","Non-Partisan",267
"M","18-24","East and South Asian","Less than HS Diploma","Non-Partisan",308
"F","25-34","East and South Asian","Less than HS Diploma","Non-Partisan",690
"M","25-34","East and South Asian","Less than HS Diploma","Non-Partisan",718
"F","35-44","East and South Asian","Less than HS Diploma","Non-Partisan",637
"M","35-44","East and South Asian","Less than HS Diploma","Non-Partisan",481
"F","45-54","East and South Asian","Less than HS Diploma","Non-Partisan",556
"M","45-54","East and South Asian","Less than HS Diploma","Non-Partisan",566
"F","55-64","East and South Asian","Less than HS Diploma","Non-Partisan",447
"M","55-64","East and South Asian","Less than HS Diploma","Non-Partisan",460
"F","65_or_older","East and South Asian","Less than HS Diploma","Non-Partisan",565
"M","65_or_older","East and South Asian","Less than HS Diploma","Non-Partisan",521
"F","18-24","European","Less than HS Diploma","Non-Partisan",3924
"M","18-24","European","Less than HS Diploma","Non-Partisan",4068
"F","25-34","European","Less than HS Diploma","Non-Partisan",11104
"M","25-34","European","Less than HS Diploma","Non-Partisan",12411
"F","35-44","European","Less than HS Diploma","Non-Partisan",7849
"M","35-44","European","Less than HS Diploma","Non-Partisan",7788
"F","45-54","European","Less than HS Diploma","Non-Partisan",6092
"M","45-54","European","Less than HS Diploma","Non-Partisan",6350
"F","55-64","European","Less than HS Diploma","Non-Partisan",5646
"M","55-64","European","Less than HS Diploma","Non-Partisan",6235
"F","65_or_older","European","Less than HS Diploma","Non-Partisan",7370
"M","65_or_older","European","Less than HS Diploma","Non-Partisan",6290
"F","18-24","Hispanic and Portuguese","Less than HS Diploma","Non-Partisan",31
"M","18-24","Hispanic and Portuguese","Less than HS Diploma","Non-Partisan",39
"F","25-34","Hispanic and Portuguese","Less than HS Diploma","Non-Partisan",1068
"M","25-34","Hispanic and Portuguese","Less than HS Diploma","Non-Partisan",2032
"F","35-44","Hispanic and Portuguese","Less than HS Diploma","Non-Partisan",1433
"M","35-44","Hispanic and Portuguese","Less than HS Diploma","Non-Partisan",3268
"F","45-54","Hispanic and Portuguese","Less than HS Diploma","Non-Partisan",994
"M","45-54","Hispanic and Portuguese","Less than HS Diploma","Non-Partisan",2665
"F","55-64","Hispanic and Portuguese","Less than HS Diploma","Non-Partisan",744
"M","55-64","Hispanic and Portuguese","Less than HS Diploma","Non-Partisan",2041
"F","65_or_older","Hispanic and Portuguese","Less than HS Diploma","Non-Partisan",1058
"M","65_or_older","Hispanic and Portuguese","Less than HS Diploma","Non-Partisan",1738
"F","18-24","Likely African-American","Less than HS Diploma","Non-Partisan",15
"M","18-24","Likely African-American","Less than HS Diploma","Non-Partisan",8
"F","25-34","Likely African-American","Less than HS Diploma","Non-Partisan",37
"M","25-34","Likely African-American","Less than HS Diploma","Non-Partisan",29
"F","35-44","Likely African-American","Less than HS Diploma","Non-Partisan",35
"M","35-44","Likely African-American","Less than HS Diploma","Non-Partisan",32
"F","45-54","Likely African-American","Less than HS Diploma","Non-Partisan",32
"M","45-54","Likely African-American","Less than HS Diploma","Non-Partisan",23
"F","55-64","Likely African-American","Less than HS Diploma","Non-Partisan",13
"M","55-64","Likely African-American","Less than HS Diploma","Non-Partisan",8
"F","65_or_older","Likely African-American","Less than HS Diploma","Non-Partisan",27
"M","65_or_older","Likely African-American","Less than HS Diploma","Non-Partisan",23
"F","18-24","Other","Less than HS Diploma","Non-Partisan",220
"M","18-24","Other","Less than HS Diploma","Non-Partisan",243
"F","25-34","Other","Less than HS Diploma","Non-Partisan",549
"M","25-34","Other","Less than HS Diploma","Non-Partisan",575
"F","35-44","Other","Less than HS Diploma","Non-Partisan",452
"M","35-44","Other","Less than HS Diploma","Non-Partisan",390
"F","45-54","Other","Less than HS Diploma","Non-Partisan",328
"M","45-54","Other","Less than HS Diploma","Non-Partisan",336
"F","55-64","Other","Less than HS Diploma","Non-Partisan",216
"M","55-64","Other","Less than HS Diploma","Non-Partisan",277
"F","65_or_older","Other","Less than HS Diploma","Non-Partisan",292
"M","65_or_older","Other","Less than HS Diploma","Non-Partisan",299
"F","18-24","East and South Asian","Some College","Non-Partisan",3456
"M","18-24","East and South Asian","Some College","Non-Partisan",3691
"F","25-34","East and South Asian","Some College","Non-Partisan",2839
"M","25-34","East and South Asian","Some College","Non-Partisan",2770
"F","35-44","East and South Asian","Some College","Non-Partisan",2682
"M","35-44","East and South Asian","Some College","Non-Partisan",2344
"F","45-54","East and South Asian","Some College","Non-Partisan",2529
"M","45-54","East and South Asian","Some College","Non-Partisan",2589
"F","55-64","East and South Asian","Some College","Non-Partisan",1540
"M","55-64","East and South Asian","Some College","Non-Partisan",1477
"F","65_or_older","East and South Asian","Some College","Non-Partisan",1582
"M","65_or_older","East and South Asian","Some College","Non-Partisan",1262
"F","18-24","European","Some College","Non-Partisan",52654
"M","18-24","European","Some College","Non-Partisan",53926
"F","25-34","European","Some College","Non-Partisan",58542
"M","25-34","European","Some College","Non-Partisan",59001
"F","35-44","European","Some College","Non-Partisan",40641
"M","35-44","European","Some College","Non-Partisan",39154
"F","45-54","European","Some College","Non-Partisan",35796
"M","45-54","European","Some College","Non-Partisan",36145
"F","55-64","European","Some College","Non-Partisan",27565
"M","55-64","European","Some College","Non-Partisan",24972
"F","65_or_older","European","Some College","Non-Partisan",23508
"M","65_or_older","European","Some College","Non-Partisan",16225
"F","18-24","Hispanic and Portuguese","Some College","Non-Partisan",365
"M","18-24","Hispanic and Portuguese","Some College","Non-Partisan",373
"F","25-34","Hispanic and Portuguese","Some College","Non-Partisan",1780
"M","25-34","Hispanic and Portuguese","Some College","Non-Partisan",10327
"F","35-44","Hispanic and Portuguese","Some College","Non-Partisan",2622
"M","35-44","Hispanic and Portuguese","Some College","Non-Partisan",17607
"F","45-54","Hispanic and Portuguese","Some College","Non-Partisan",1799
"M","45-54","Hispanic and Portuguese","Some College","Non-Partisan",12747
"F","55-64","Hispanic and Portuguese","Some College","Non-Partisan",1027
"M","55-64","Hispanic and Portuguese","Some College","Non-Partisan",6736
"F","65_or_older","Hispanic and Portuguese","Some College","Non-Partisan",683
"M","65_or_older","Hispanic and Portuguese","Some College","Non-Partisan",3541
"F","18-24","Likely African-American","Some College","Non-Partisan",117
"M","18-24","Likely African-American","Some College","Non-Partisan",105
"F","25-34","Likely African-American","Some College","Non-Partisan",170
"M","25-34","Likely African-American","Some College","Non-Partisan",176
"F","35-44","Likely African-American","Some College","Non-Partisan",142
"M","35-44","Likely African-American","Some College","Non-Partisan",175
"F","45-54","Likely African-American","Some College","Non-Partisan",109
"M","45-54","Likely African-American","Some College","Non-Partisan",140
"F","55-64","Likely African-American","Some College","Non-Partisan",77
"M","55-64","Likely African-American","Some College","Non-Partisan",77
"F","65_or_older","Likely African-American","Some College","Non-Partisan",50
"M","65_or_older","Likely African-American","Some College","Non-Partisan",40
"F","18-24","Other","Some College","Non-Partisan",3006
"M","18-24","Other","Some College","Non-Partisan",3513
"F","25-34","Other","Some College","Non-Partisan",2794
"M","25-34","Other","Some College","Non-Partisan",3095
"F","35-44","Other","Some College","Non-Partisan",2204
"M","35-44","Other","Some College","Non-Partisan",2397
"F","45-54","Other","Some College","Non-Partisan",1744
"M","45-54","Other","Some College","Non-Partisan",2103
"F","55-64","Other","Some College","Non-Partisan",1075
"M","55-64","Other","Some College","Non-Partisan",1340
"F","65_or_older","Other","Some College","Non-Partisan",882
"M","65_or_older","Other","Some College","Non-Partisan",777
"F","18-24","East and South Asian","Vocational Technical Degree","Non-Partisan",11
"M","18-24","East and South Asian","Vocational Technical Degree","Non-Partisan",13
"F","25-34","East and South Asian","Vocational Technical Degree","Non-Partisan",13
"M","25-34","East and South Asian","Vocational Technical Degree","Non-Partisan",13
"F","35-44","East and South Asian","Vocational Technical Degree","Non-Partisan",22
"M","35-44","East and South Asian","Vocational Technical Degree","Non-Partisan",12
"F","45-54","East and South Asian","Vocational Technical Degree","Non-Partisan",23
"M","45-54","East and South Asian","Vocational Technical Degree","Non-Partisan",17
"F","55-64","East and South Asian","Vocational Technical Degree","Non-Partisan",8
"M","55-64","East and South Asian","Vocational Technical Degree","Non-Partisan",8
"F","65_or_older","East and South Asian","Vocational Technical Degree","Non-Partisan",10
"M","65_or_older","East and South Asian","Vocational Technical Degree","Non-Partisan",9
"F","18-24","European","Vocational Technical Degree","Non-Partisan",174
"M","18-24","European","Vocational Technical Degree","Non-Partisan",189
"F","25-34","European","Vocational Technical Degree","Non-Partisan",275
"M","25-34","European","Vocational Technical Degree","Non-Partisan",237
"F","35-44","European","Vocational Technical Degree","Non-Partisan",452
"M","35-44","European","Vocational Technical Degree","Non-Partisan",275
"F","45-54","European","Vocational Technical Degree","Non-Partisan",507
"M","45-54","European","Vocational Technical Degree","Non-Partisan",310
"F","55-64","European","Vocational Technical Degree","Non-Partisan",375
"M","55-64","European","Vocational Technical Degree","Non-Partisan",237
"F","65_or_older","European","Vocational Technical Degree","Non-Partisan",325
"M","65_or_older","European","Vocational Technical Degree","Non-Partisan",146
"M","18-24","Hispanic and Portuguese","Vocational Technical Degree","Non-Partisan",1
"F","25-34","Hispanic and Portuguese","Vocational Technical Degree","Non-Partisan",18
"M","25-34","Hispanic and Portuguese","Vocational Technical Degree","Non-Partisan",50
"F","35-44","Hispanic and Portuguese","Vocational Technical Degree","Non-Partisan",42
"M","35-44","Hispanic and Portuguese","Vocational Technical Degree","Non-Partisan",93
"F","45-54","Hispanic and Portuguese","Vocational Technical Degree","Non-Partisan",30
"M","45-54","Hispanic and Portuguese","Vocational Technical Degree","Non-Partisan",59
"F","55-64","Hispanic and Portuguese","Vocational Technical Degree","Non-Partisan",12
"M","55-64","Hispanic and Portuguese","Vocational Technical Degree","Non-Partisan",28
"F","65_or_older","Hispanic and Portuguese","Vocational Technical Degree","Non-Partisan",7
"M","65_or_older","Hispanic and Portuguese","Vocational Technical Degree","Non-Partisan",16
"F","25-34","Likely African-American","Vocational Technical Degree","Non-Partisan",1
"F","35-44","Likely African-American","Vocational Technical Degree","Non-Partisan",3
"M","65_or_older","Likely African-American","Vocational Technical Degree","Non-Partisan",1
"F","18-24","Other","Vocational Technical Degree","Non-Partisan",9
"M","18-24","Other","Vocational Technical Degree","Non-Partisan",21
"F","25-34","Other","Vocational Technical Degree","Non-Partisan",14
"M","25-34","Other","Vocational Technical Degree","Non-Partisan",8
"F","35-44","Other","Vocational Technical Degree","Non-Partisan",21
"M","35-44","Other","Vocational Technical Degree","Non-Partisan",7
"F","45-54","Other","Vocational Technical Degree","Non-Partisan",12
"M","45-54","Other","Vocational Technical Degree","Non-Partisan",12
"F","55-64","Other","Vocational Technical Degree","Non-Partisan",9
"M","55-64","Other","Vocational Technical Degree","Non-Partisan",5
"F","65_or_older","Other","Vocational Technical Degree","Non-Partisan",11
"M","65_or_older","Other","Vocational Technical Degree","Non-Partisan",5
"F","18-24","East and South Asian","Bach Degree","Republican",1955
"M","18-24","East and South Asian","Bach Degree","Republican",2135
"F","25-34","East and South Asian","Bach Degree","Republican",4331
"M","25-34","East and South Asian","Bach Degree","Republican",3605
"F","35-44","East and South Asian","Bach Degree","Republican",8693
"M","35-44","East and South Asian","Bach Degree","Republican",5982
"F","45-54","East and South Asian","Bach Degree","Republican",9193
"M","45-54","East and South Asian","Bach Degree","Republican",7841
"F","55-64","East and South Asian","Bach Degree","Republican",6522
"M","55-64","East and South Asian","Bach Degree","Republican",5594
"F","65_or_older","East and South Asian","Bach Degree","Republican",7141
"M","65_or_older","East and South Asian","Bach Degree","Republican",6366
"F","18-24","European","Bach Degree","Republican",27135
"M","18-24","European","Bach Degree","Republican",30038
"F","25-34","European","Bach Degree","Republican",70915
"M","25-34","European","Bach Degree","Republican",69732
"F","35-44","European","Bach Degree","Republican",118567
"M","35-44","European","Bach Degree","Republican",112565
"F","45-54","European","Bach Degree","Republican",135894
"M","45-54","European","Bach Degree","Republican",124883
"F","55-64","European","Bach Degree","Republican",155635
"M","55-64","European","Bach Degree","Republican",142248
"F","65_or_older","European","Bach Degree","Republican",223708
"M","65_or_older","European","Bach Degree","Republican",199207
"F","18-24","Hispanic and Portuguese","Bach Degree","Republican",961
"M","18-24","Hispanic and Portuguese","Bach Degree","Republican",1124
"F","25-34","Hispanic and Portuguese","Bach Degree","Republican",4327
"M","25-34","Hispanic and Portuguese","Bach Degree","Republican",4452
"F","35-44","Hispanic and Portuguese","Bach Degree","Republican",10888
"M","35-44","Hispanic and Portuguese","Bach Degree","Republican",10346
"F","45-54","Hispanic and Portuguese","Bach Degree","Republican",13690
"M","45-54","Hispanic and Portuguese","Bach Degree","Republican",12975
"F","55-64","Hispanic and Portuguese","Bach Degree","Republican",13351
"M","55-64","Hispanic and Portuguese","Bach Degree","Republican",11762
"F","65_or_older","Hispanic and Portuguese","Bach Degree","Republican",15145
"M","65_or_older","Hispanic and Portuguese","Bach Degree","Republican",14162
"F","18-24","Likely African-American","Bach Degree","Republican",159
"M","18-24","Likely African-American","Bach Degree","Republican",137
"F","25-34","Likely African-American","Bach Degree","Republican",419
"M","25-34","Likely African-American","Bach Degree","Republican",392
"F","35-44","Likely African-American","Bach Degree","Republican",829
"M","35-44","Likely African-American","Bach Degree","Republican",679
"F","45-54","Likely African-American","Bach Degree","Republican",819
"M","45-54","Likely African-American","Bach Degree","Republican",710
"F","55-64","Likely African-American","Bach Degree","Republican",848
"M","55-64","Likely African-American","Bach Degree","Republican",780
"F","65_or_older","Likely African-American","Bach Degree","Republican",1224
"M","65_or_older","Likely African-American","Bach Degree","Republican",1126
"F","18-24","Other","Bach Degree","Republican",1175
"M","18-24","Other","Bach Degree","Republican",1251
"F","25-34","Other","Bach Degree","Republican",3132
"M","25-34","Other","Bach Degree","Republican",2815
"F","35-44","Other","Bach Degree","Republican",5173
"M","35-44","Other","Bach Degree","Republican",4288
"F","45-54","Other","Bach Degree","Republican",5197
"M","45-54","Other","Bach Degree","Republican",4681
"F","55-64","Other","Bach Degree","Republican",4543
"M","55-64","Other","Bach Degree","Republican",4584
"F","65_or_older","Other","Bach Degree","Republican",5135
"M","65_or_older","Other","Bach Degree","Republican",4994
"F","18-24","East and South Asian","Grad Degree","Republican",532
"M","18-24","East and South Asian","Grad Degree","Republican",611
"F","25-34","East and South Asian","Grad Degree","Republican",2185
"M","25-34","East and South Asian","Grad Degree","Republican",2007
"F","35-44","East and South Asian","Grad Degree","Republican",4390
"M","35-44","East and South Asian","Grad Degree","Republican",3263
"F","45-54","East and South Asian","Grad Degree","Republican",5705
"M","45-54","East and South Asian","Grad Degree","Republican",6956
"F","55-64","East and South Asian","Grad Degree","Republican",4436
"M","55-64","East and South Asian","Grad Degree","Republican",5413
"F","65_or_older","East and South Asian","Grad Degree","Republican",3980
"M","65_or_older","East and South Asian","Grad Degree","Republican",5840
"F","18-24","European","Grad Degree","Republican",7134
"M","18-24","European","Grad Degree","Republican",8579
"F","25-34","European","Grad Degree","Republican",32103
"M","25-34","European","Grad Degree","Republican",37801
"F","35-44","European","Grad Degree","Republican",42150
"M","35-44","European","Grad Degree","Republican",39247
"F","45-54","European","Grad Degree","Republican",65728
"M","45-54","European","Grad Degree","Republican",72629
"F","55-64","European","Grad Degree","Republican",91980
"M","55-64","European","Grad Degree","Republican",111574
"F","65_or_older","European","Grad Degree","Republican",103451
"M","65_or_older","European","Grad Degree","Republican",158372
"F","18-24","Hispanic and Portuguese","Grad Degree","Republican",121
"M","18-24","Hispanic and Portuguese","Grad Degree","Republican",192
"F","25-34","Hispanic and Portuguese","Grad Degree","Republican",1240
"M","25-34","Hispanic and Portuguese","Grad Degree","Republican",1320
"F","35-44","Hispanic and Portuguese","Grad Degree","Republican",2820
"M","35-44","Hispanic and Portuguese","Grad Degree","Republican",2211
"F","45-54","Hispanic and Portuguese","Grad Degree","Republican",5098
"M","45-54","Hispanic and Portuguese","Grad Degree","Republican",4567
"F","55-64","Hispanic and Portuguese","Grad Degree","Republican",5588
"M","55-64","Hispanic and Portuguese","Grad Degree","Republican",5475
"F","65_or_older","Hispanic and Portuguese","Grad Degree","Republican",5070
"M","65_or_older","Hispanic and Portuguese","Grad Degree","Republican",6086
"F","18-24","Likely African-American","Grad Degree","Republican",33
"M","18-24","Likely African-American","Grad Degree","Republican",40
"F","25-34","Likely African-American","Grad Degree","Republican",205
"M","25-34","Likely African-American","Grad Degree","Republican",188
"F","35-44","Likely African-American","Grad Degree","Republican",238
"M","35-44","Likely African-American","Grad Degree","Republican",206
"F","45-54","Likely African-American","Grad Degree","Republican",371
"M","45-54","Likely African-American","Grad Degree","Republican",371
"F","55-64","Likely African-American","Grad Degree","Republican",449
"M","55-64","Likely African-American","Grad Degree","Republican",566
"F","65_or_older","Likely African-American","Grad Degree","Republican",491
"M","65_or_older","Likely African-American","Grad Degree","Republican",776
"F","18-24","Other","Grad Degree","Republican",318
"M","18-24","Other","Grad Degree","Republican",456
"F","25-34","Other","Grad Degree","Republican",1535
"M","25-34","Other","Grad Degree","Republican",1563
"F","35-44","Other","Grad Degree","Republican",2220
"M","35-44","Other","Grad Degree","Republican",1952
"F","45-54","Other","Grad Degree","Republican",2817
"M","45-54","Other","Grad Degree","Republican",3482
"F","55-64","Other","Grad Degree","Republican",2916
"M","55-64","Other","Grad Degree","Republican",4337
"F","65_or_older","Other","Grad Degree","Republican",2567
"M","65_or_older","Other","Grad Degree","Republican",4653
"F","18-24","East and South Asian","HS Diploma","Republican",1120
"M","18-24","East and South Asian","HS Diploma","Republican",1084
"F","25-34","East and South Asian","HS Diploma","Republican",1586
"M","25-34","East and South Asian","HS Diploma","Republican",1183
"F","35-44","East and South Asian","HS Diploma","Republican",2444
"M","35-44","East and South Asian","HS Diploma","Republican",1733
"F","45-54","East and South Asian","HS Diploma","Republican",2900
"M","45-54","East and South Asian","HS Diploma","Republican",2434
"F","55-64","East and South Asian","HS Diploma","Republican",3340
"M","55-64","East and South Asian","HS Diploma","Republican",2592
"F","65_or_older","East and South Asian","HS Diploma","Republican",4697
"M","65_or_older","East and South Asian","HS Diploma","Republican",3710
"F","18-24","European","HS Diploma","Republican",25635
"M","18-24","European","HS Diploma","Republican",28071
"F","25-34","European","HS Diploma","Republican",44506
"M","25-34","European","HS Diploma","Republican",40232
"F","35-44","European","HS Diploma","Republican",55562
"M","35-44","European","HS Diploma","Republican",52394
"F","45-54","European","HS Diploma","Republican",81572
"M","45-54","European","HS Diploma","Republican",76107
"F","55-64","European","HS Diploma","Republican",128243
"M","55-64","European","HS Diploma","Republican",121761
"F","65_or_older","European","HS Diploma","Republican",221412
"M","65_or_older","European","HS Diploma","Republican",168290
"F","18-24","Hispanic and Portuguese","HS Diploma","Republican",1280
"M","18-24","Hispanic and Portuguese","HS Diploma","Republican",1330
"F","25-34","Hispanic and Portuguese","HS Diploma","Republican",6477
"M","25-34","Hispanic and Portuguese","HS Diploma","Republican",5593
"F","35-44","Hispanic and Portuguese","HS Diploma","Republican",9395
"M","35-44","Hispanic and Portuguese","HS Diploma","Republican",7789
"F","45-54","Hispanic and Portuguese","HS Diploma","Republican",13981
"M","45-54","Hispanic and Portuguese","HS Diploma","Republican",12211
"F","55-64","Hispanic and Portuguese","HS Diploma","Republican",16692
"M","55-64","Hispanic and Portuguese","HS Diploma","Republican",14760
"F","65_or_older","Hispanic and Portuguese","HS Diploma","Republican",15324
"M","65_or_older","Hispanic and Portuguese","HS Diploma","Republican",12805
"F","18-24","Likely African-American","HS Diploma","Republican",135
"M","18-24","Likely African-American","HS Diploma","Republican",149
"F","25-34","Likely African-American","HS Diploma","Republican",293
"M","25-34","Likely African-American","HS Diploma","Republican",290
"F","35-44","Likely African-American","HS Diploma","Republican",405
"M","35-44","Likely African-American","HS Diploma","Republican",341
"F","45-54","Likely African-American","HS Diploma","Republican",602
"M","45-54","Likely African-American","HS Diploma","Republican",502
"F","55-64","Likely African-American","HS Diploma","Republican",825
"M","55-64","Likely African-American","HS Diploma","Republican",867
"F","65_or_older","Likely African-American","HS Diploma","Republican",1383
"M","65_or_older","Likely African-American","HS Diploma","Republican",1087
"F","18-24","Other","HS Diploma","Republican",1005
"M","18-24","Other","HS Diploma","Republican",1088
"F","25-34","Other","HS Diploma","Republican",1504
"M","25-34","Other","HS Diploma","Republican",1206
"F","35-44","Other","HS Diploma","Republican",1940
"M","35-44","Other","HS Diploma","Republican",1630
"F","45-54","Other","HS Diploma","Republican",2302
"M","45-54","Other","HS Diploma","Republican",2112
"F","55-64","Other","HS Diploma","Republican",2857
"M","55-64","Other","HS Diploma","Republican",2764
"F","65_or_older","Other","HS Diploma","Republican",4032
"M","65_or_older","Other","HS Diploma","Republican",3330
"F","18-24","East and South Asian","Less than HS Diploma","Republican",174
"M","18-24","East and South Asian","Less than HS Diploma","Republican",164
"F","25-34","East and South Asian","Less than HS Diploma","Republican",545
"M","25-34","East and South Asian","Less than HS Diploma","Republican",486
"F","35-44","East and South Asian","Less than HS Diploma","Republican",517
"M","35-44","East and South Asian","Less than HS Diploma","Republican",322
"F","45-54","East and South Asian","Less than HS Diploma","Republican",559
"M","45-54","East and South Asian","Less than HS Diploma","Republican",424
"F","55-64","East and South Asian","Less than HS Diploma","Republican",506
"M","55-64","East and South Asian","Less than HS Diploma","Republican",421
"F","65_or_older","East and South Asian","Less than HS Diploma","Republican",666
"M","65_or_older","East and South Asian","Less than HS Diploma","Republican",702
"F","18-24","European","Less than HS Diploma","Republican",3920
"M","18-24","European","Less than HS Diploma","Republican",4439
"F","25-34","European","Less than HS Diploma","Republican",14668
"M","25-34","European","Less than HS Diploma","Republican",18084
"F","35-44","European","Less than HS Diploma","Republican",11822
"M","35-44","European","Less than HS Diploma","Republican",12803
"F","45-54","European","Less than HS Diploma","Republican",10874
"M","45-54","European","Less than HS Diploma","Republican",12430
"F","55-64","European","Less than HS Diploma","Republican",13227
"M","55-64","European","Less than HS Diploma","Republican",15245
"F","65_or_older","European","Less than HS Diploma","Republican",21737
"M","65_or_older","European","Less than HS Diploma","Republican",24059
"F","18-24","Hispanic and Portuguese","Less than HS Diploma","Republican",323
"M","18-24","Hispanic and Portuguese","Less than HS Diploma","Republican",380
"F","25-34","Hispanic and Portuguese","Less than HS Diploma","Republican",2874
"M","25-34","Hispanic and Portuguese","Less than HS Diploma","Republican",2716
"F","35-44","Hispanic and Portuguese","Less than HS Diploma","Republican",2778
"M","35-44","Hispanic and Portuguese","Less than HS Diploma","Republican",2745
"F","45-54","Hispanic and Portuguese","Less than HS Diploma","Republican",2392
"M","45-54","Hispanic and Portuguese","Less than HS Diploma","Republican",2865
"F","55-64","Hispanic and Portuguese","Less than HS Diploma","Republican",2194
"M","55-64","Hispanic and Portuguese","Less than HS Diploma","Republican",2683
"F","65_or_older","Hispanic and Portuguese","Less than HS Diploma","Republican",3959
"M","65_or_older","Hispanic and Portuguese","Less than HS Diploma","Republican",4067
"F","18-24","Likely African-American","Less than HS Diploma","Republican",15
"M","18-24","Likely African-American","Less than HS Diploma","Republican",22
"F","25-34","Likely African-American","Less than HS Diploma","Republican",99
"M","25-34","Likely African-American","Less than HS Diploma","Republican",115
"F","35-44","Likely African-American","Less than HS Diploma","Republican",95
"M","35-44","Likely African-American","Less than HS Diploma","Republican",89
"F","45-54","Likely African-American","Less than HS Diploma","Republican",96
"M","45-54","Likely African-American","Less than HS Diploma","Republican",99
"F","55-64","Likely African-American","Less than HS Diploma","Republican",89
"M","55-64","Likely African-American","Less than HS Diploma","Republican",111
"F","65_or_older","Likely African-American","Less than HS Diploma","Republican",157
"M","65_or_older","Likely African-American","Less than HS Diploma","Republican",187
"F","18-24","Other","Less than HS Diploma","Republican",166
"M","18-24","Other","Less than HS Diploma","Republican",185
"F","25-34","Other","Less than HS Diploma","Republican",496
"M","25-34","Other","Less than HS Diploma","Republican",477
"F","35-44","Other","Less than HS Diploma","Republican",407
"M","35-44","Other","Less than HS Diploma","Republican",386
"F","45-54","Other","Less than HS Diploma","Republican",341
"M","45-54","Other","Less than HS Diploma","Republican",379
"F","55-64","Other","Less than HS Diploma","Republican",340
"M","55-64","Other","Less than HS Diploma","Republican",402
"F","65_or_older","Other","Less than HS Diploma","Republican",430
"M","65_or_older","Other","Less than HS Diploma","Republican",553
"F","18-24","East and South Asian","Some College","Republican",2951
"M","18-24","East and South Asian","Some College","Republican",2847
"F","25-34","East and South Asian","Some College","Republican",2190
"M","25-34","East and South Asian","Some College","Republican",1623
"F","35-44","East and South Asian","Some College","Republican",3206
"M","35-44","East and South Asian","Some College","Republican",2443
"F","45-54","East and South Asian","Some College","Republican",3502
"M","45-54","East and South Asian","Some College","Republican",3049
"F","55-64","East and South Asian","Some College","Republican",2397
"M","55-64","East and South Asian","Some College","Republican",1858
"F","65_or_older","East and South Asian","Some College","Republican",2613
"M","65_or_older","East and South Asian","Some College","Republican",2059
"F","18-24","European","Some College","Republican",84051
"M","18-24","European","Some College","Republican",89871
"F","25-34","European","Some College","Republican",70582
"M","25-34","European","Some College","Republican",67233
"F","35-44","European","Some College","Republican",73272
"M","35-44","European","Some College","Republican",75976
"F","45-54","European","Some College","Republican",84766
"M","45-54","European","Some College","Republican",88869
"F","55-64","European","Some College","Republican",86407
"M","55-64","European","Some College","Republican",82956
"F","65_or_older","European","Some College","Republican",108041
"M","65_or_older","European","Some College","Republican",96127
"F","18-24","Hispanic and Portuguese","Some College","Republican",3591
"M","18-24","Hispanic and Portuguese","Some College","Republican",3722
"F","25-34","Hispanic and Portuguese","Some College","Republican",6153
"M","25-34","Hispanic and Portuguese","Some College","Republican",6215
"F","35-44","Hispanic and Portuguese","Some College","Republican",9037
"M","35-44","Hispanic and Portuguese","Some College","Republican",10012
"F","45-54","Hispanic and Portuguese","Some College","Republican",9199
"M","45-54","Hispanic and Portuguese","Some College","Republican",10063
"F","55-64","Hispanic and Portuguese","Some College","Republican",6873
"M","55-64","Hispanic and Portuguese","Some College","Republican",6704
"F","65_or_older","Hispanic and Portuguese","Some College","Republican",5447
"M","65_or_older","Hispanic and Portuguese","Some College","Republican",5250
"F","18-24","Likely African-American","Some College","Republican",421
"M","18-24","Likely African-American","Some College","Republican",407
"F","25-34","Likely African-American","Some College","Republican",435
"M","25-34","Likely African-American","Some College","Republican",408
"F","35-44","Likely African-American","Some College","Republican",571
"M","35-44","Likely African-American","Some College","Republican",510
"F","45-54","Likely African-American","Some College","Republican",577
"M","45-54","Likely African-American","Some College","Republican",570
"F","55-64","Likely African-American","Some College","Republican",477
"M","55-64","Likely African-American","Some College","Republican",480
"F","65_or_older","Likely African-American","Some College","Republican",522
"M","65_or_older","Likely African-American","Some College","Republican",544
"F","18-24","Other","Some College","Republican",3159
"M","18-24","Other","Some College","Republican",3299
"F","25-34","Other","Some College","Republican",2436
"M","25-34","Other","Some College","Republican",2135
"F","35-44","Other","Some College","Republican",2653
"M","35-44","Other","Some College","Republican",2538
"F","45-54","Other","Some College","Republican",2699
"M","45-54","Other","Some College","Republican",2701
"F","55-64","Other","Some College","Republican",2185
"M","55-64","Other","Some College","Republican",2087
"F","65_or_older","Other","Some College","Republican",2110
"M","65_or_older","Other","Some College","Republican",2053
"F","18-24","East and South Asian","Vocational Technical Degree","Republican",4
"M","18-24","East and South Asian","Vocational Technical Degree","Republican",4
"F","25-34","East and South Asian","Vocational Technical Degree","Republican",8
"M","25-34","East and South Asian","Vocational Technical Degree","Republican",7
"F","35-44","East and South Asian","Vocational Technical Degree","Republican",10
"M","35-44","East and South Asian","Vocational Technical Degree","Republican",12
"F","45-54","East and South Asian","Vocational Technical Degree","Republican",19
"M","45-54","East and South Asian","Vocational Technical Degree","Republican",27
"F","55-64","East and South Asian","Vocational Technical Degree","Republican",18
"M","55-64","East and South Asian","Vocational Technical Degree","Republican",20
"F","65_or_older","East and South Asian","Vocational Technical Degree","Republican",27
"M","65_or_older","East and South Asian","Vocational Technical Degree","Republican",20
"F","18-24","European","Vocational Technical Degree","Republican",179
"M","18-24","European","Vocational Technical Degree","Republican",205
"F","25-34","European","Vocational Technical Degree","Republican",188
"M","25-34","European","Vocational Technical Degree","Republican",191
"F","35-44","European","Vocational Technical Degree","Republican",560
"M","35-44","European","Vocational Technical Degree","Republican",452
"F","45-54","European","Vocational Technical Degree","Republican",1085
"M","45-54","European","Vocational Technical Degree","Republican",777
"F","55-64","European","Vocational Technical Degree","Republican",1304
"M","55-64","European","Vocational Technical Degree","Republican",1122
"F","65_or_older","European","Vocational Technical Degree","Republican",1724
"M","65_or_older","European","Vocational Technical Degree","Republican",1240
"F","18-24","Hispanic and Portuguese","Vocational Technical Degree","Republican",10
"M","18-24","Hispanic and Portuguese","Vocational Technical Degree","Republican",4
"F","25-34","Hispanic and Portuguese","Vocational Technical Degree","Republican",26
"M","25-34","Hispanic and Portuguese","Vocational Technical Degree","Republican",16
"F","35-44","Hispanic and Portuguese","Vocational Technical Degree","Republican",71
"M","35-44","Hispanic and Portuguese","Vocational Technical Degree","Republican",46
"F","45-54","Hispanic and Portuguese","Vocational Technical Degree","Republican",116
"M","45-54","Hispanic and Portuguese","Vocational Technical Degree","Republican",93
"F","55-64","Hispanic and Portuguese","Vocational Technical Degree","Republican",101
"M","55-64","Hispanic and Portuguese","Vocational Technical Degree","Republican",99
"F","65_or_older","Hispanic and Portuguese","Vocational Technical Degree","Republican",98
"M","65_or_older","Hispanic and Portuguese","Vocational Technical Degree","Republican",72
"F","18-24","Likely African-American","Vocational Technical Degree","Republican",1
"M","18-24","Likely African-American","Vocational Technical Degree","Republican",1
"M","25-34","Likely African-American","Vocational Technical Degree","Republican",1
"F","35-44","Likely African-American","Vocational Technical Degree","Republican",5
"M","35-44","Likely African-American","Vocational Technical Degree","Republican",5
"F","45-54","Likely African-American","Vocational Technical Degree","Republican",7
"M","45-54","Likely African-American","Vocational Technical Degree","Republican",2
"F","55-64","Likely African-American","Vocational Technical Degree","Republican",9
"M","55-64","Likely African-American","Vocational Technical Degree","Republican",7
"F","65_or_older","Likely African-American","Vocational Technical Degree","Republican",13
"M","65_or_older","Likely African-American","Vocational Technical Degree","Republican",9
"F","18-24","Other","Vocational Technical Degree","Republican",8
"M","18-24","Other","Vocational Technical Degree","Republican",9
"F","25-34","Other","Vocational Technical Degree","Republican",4
"M","25-34","Other","Vocational Technical Degree","Republican",5
"F","35-44","Other","Vocational Technical Degree","Republican",16
"M","35-44","Other","Vocational Technical Degree","Republican",7
"F","45-54","Other","Vocational Technical Degree","Republican",21
"M","45-54","Other","Vocational Technical Degree","Republican",12
"F","55-64","Other","Vocational Technical Degree","Republican",17
"M","55-64","Other","Vocational Technical Degree","Republican",20
"F","65_or_older","Other","Vocational Technical Degree","Republican",37
"M","65_or_older","Other","Vocational Technical Degree","Republican",21
